{"referenceId":null,"name":"u6 9siCustomerData","description":null,"dataSourceName":"aps-oracle-db","editorJson":{"id":647,"name":"u6 9siCustomerData","dataSourceType":"database","dataSourceId":1,"entities":[{"name":"newCustomers","description":"Details of all customers","tableName":"CUSTOMERS","attributes":[{"name":"id","type":"number","description":"","mappedName":"ID","primaryKey":true,"generatedValue":false,"identity":false,"required":false},{"name":"firstname","type":"string","description":"","mappedName":"FIRSTNAME","primaryKey":false,"generatedValue":false,"identity":false,"required":false},{"name":"lastname","type":"string","description":"","mappedName":"LASTNAME","primaryKey":false,"generatedValue":false,"identity":false,"required":false},{"name":"address","type":"string","description":"","mappedName":"ADDRESSLINE1","primaryKey":false,"generatedValue":false,"identity":false,"required":false},{"name":"city","type":"string","description":"","mappedName":"CITY","primaryKey":false,"generatedValue":false,"identity":false,"required":false},{"name":"state","type":"string","description":"","mappedName":"STATE","primaryKey":false,"generatedValue":false,"identity":false,"required":false},{"name":"zipCode","type":"string","description":"","mappedName":"ZIPCODE","primaryKey":false,"generatedValue":false,"identity":false,"required":false}]}]}}