{"name":"U6 9 Second Insurance","description":"9SI's processes.","definition":{"models":[{"id":742,"name":"u6 New Claim","version":9,"modelType":0,"description":"create a new claim","stencilSetId":0,"createdByFullName":"User 6","createdBy":63,"lastUpdatedByFullName":"User 6","lastUpdatedBy":63,"lastUpdated":"2024-08-14T11:29:51.572+0000"},{"id":794,"name":"u6 New Claim w selector","version":6,"modelType":0,"description":"create a new claim","stencilSetId":0,"createdByFullName":"User 6","createdBy":63,"lastUpdatedByFullName":"User 6","lastUpdatedBy":63,"lastUpdated":"2024-08-14T11:33:58.803+0000"},{"id":665,"name":"U6 Lookup DB Values","version":20,"modelType":0,"description":"Lookup vales from customer database.","stencilSetId":0,"createdByFullName":"User 6","createdBy":63,"lastUpdatedByFullName":"User 6","lastUpdatedBy":63,"lastUpdated":"2024-08-14T11:29:51.586+0000"},{"id":603,"name":"U6 New Customer Onboarding","version":28,"modelType":0,"description":"Add a new customer.","stencilSetId":0,"createdByFullName":"User 6","createdBy":63,"lastUpdatedByFullName":"User 6","lastUpdatedBy":63,"lastUpdated":"2024-08-14T11:29:51.590+0000"}],"theme":"theme-4","icon":"fa-heart","publishIdentityInfo":[]}}