{"referenceId":null,"name":"Send Custom Email","description":"Send Custom Email","editorJson":{"resourceId":716,"properties":{"process_id":"SendCustomEmail","name":"Send Custom Email","documentation":"Send Custom Email","process_author":"","process_version":"","process_namespace":"http://www.activiti.org/processdef","executionlisteners":"","eventlisteners":"","signaldefinitions":"","messagedefinitions":"","executionvariables":"[{\"variableName\":\"ccEmailAddress\",\"variableType\":\"string\",\"persist\":true,\"$$hashKey\":\"uiGrid-0009\"},{\"variableName\":\"fromEmailAddress\",\"variableType\":\"string\",\"persist\":true,\"$$hashKey\":\"uiGrid-000F\"},{\"variableName\":\"newCustomerEmail\",\"variableType\":\"string\",\"persist\":true,\"$$hashKey\":\"uiGrid-000L\"}]","metadata":"","deleteallvariables":"false"},"stencil":{"id":"BPMNDiagram"},"childShapes":[{"resourceId":"startEvent1","properties":{"overrideid":"","name":"","documentation":"","executionlisteners":"","initiator":"","formkeydefinition":"","formreference":"","fieldstovariables":"","formproperties":""},"stencil":{"id":"StartNoneEvent"},"childShapes":[],"outgoing":[{"resourceId":"sid-E2A2A468-271B-4D42-9594-78C536E4763D"}],"bounds":{"lowerRight":{"x":130,"y":193},"upperLeft":{"x":100,"y":163}},"dockers":[]},{"resourceId":"sid-6223C7CA-5566-43B0-AC56-26967932C31F","properties":{"scriptformat":"groovy","scripttext":"execution.setVariable(\"fromEmailAddress\", \"claims-team@example.com\");\nexecution.setVariable(\"ccEmailAddress\", \"blumbergh@example.com\");","executionvariables":"","overrideid":"","name":"Set Default Vars","documentation":"","asynchronousdefinition":"false","exclusivedefinition":"false","executionlisteners":"","multiinstance_type":"None","multiinstance_cardinality":"","multiinstance_collection":"","multiinstance_variable":"","multiinstance_condition":"","isforcompensation":"false"},"stencil":{"id":"ScriptTask"},"childShapes":[],"outgoing":[{"resourceId":"sid-59E9C741-F22C-4162-B5C8-DEED6DC80DF3"}],"bounds":{"lowerRight":{"x":295.25,"y":218},"upperLeft":{"x":195.25,"y":138}},"dockers":[]},{"resourceId":"sid-E2A2A468-271B-4D42-9594-78C536E4763D","properties":{"overrideid":"","name":"","documentation":"","conditionsequenceflow":"","executionlisteners":"","defaultflow":"false"},"stencil":{"id":"SequenceFlow"},"childShapes":[],"outgoing":[{"resourceId":"sid-6223C7CA-5566-43B0-AC56-26967932C31F"}],"bounds":{"lowerRight":{"x":194.388671875,"y":178},"upperLeft":{"x":130.24609375,"y":178}},"dockers":[{"x":15,"y":15},{"x":50,"y":40}],"target":{"resourceId":"sid-6223C7CA-5566-43B0-AC56-26967932C31F"}},{"resourceId":"sid-C1A14A1D-202E-49E8-83A9-4F60AEF7324C","properties":{"overrideid":"","name":"Configure Email","documentation":"","asynchronousdefinition":"false","exclusivedefinition":"false","executionlisteners":"","multiinstance_type":"None","multiinstance_cardinality":"","multiinstance_collection":"","multiinstance_variable":"","multiinstance_condition":"","isforcompensation":"false","usertasksendemail":true,"usertaskassignment":"","formkeydefinition":"","formreference":{"id":730,"name":"Email Config Form","referenceId":716},"fieldstovariables":"","duedatedefinition":"","prioritydefinition":"","categorydefinition":"","formproperties":"","tasklisteners":"","emailtemplate":""},"stencil":{"id":"UserTask"},"childShapes":[],"outgoing":[{"resourceId":"sid-D2D33C5F-769B-43C1-A1F1-3216113D674E"}],"bounds":{"lowerRight":{"x":440.25,"y":218},"upperLeft":{"x":340.25,"y":138}},"dockers":[]},{"resourceId":"sid-59E9C741-F22C-4162-B5C8-DEED6DC80DF3","properties":{"overrideid":"","name":"","documentation":"","conditionsequenceflow":"","executionlisteners":"","defaultflow":"false"},"stencil":{"id":"SequenceFlow"},"childShapes":[],"outgoing":[{"resourceId":"sid-C1A14A1D-202E-49E8-83A9-4F60AEF7324C"}],"bounds":{"lowerRight":{"x":339.40625,"y":178},"upperLeft":{"x":296.09375,"y":178}},"dockers":[{"x":50,"y":40},{"x":50,"y":40}],"target":{"resourceId":"sid-C1A14A1D-202E-49E8-83A9-4F60AEF7324C"}},{"resourceId":"sid-8F7223B5-97E7-4FCF-B5A2-CF13BB0C8B56","properties":{"name":"Send email","documentation":"","asynchronousdefinition":"false","exclusivedefinition":"false","executionlisteners":"","multiinstance_type":"None","multiinstance_cardinality":"","multiinstance_collection":"","multiinstance_variable":"","multiinstance_condition":"","isforcompensation":"false","servicetaskresultvariable":"","email_template_name":"${selectemailtemplate}","send_to":"${newCustomerEmail}","email_subject":"${emailsubject}","attachments":"content","inc_attachments":"","send_cc":"${ccEmailAddress}","from":"${fromEmailAddress}"},"stencil":{"id":"send_email_with_attachments"},"childShapes":[],"outgoing":[{"resourceId":"sid-3E46EE8D-F7D9-4E3F-8D2B-B8EBB41FF1AF"}],"bounds":{"lowerRight":{"x":597.25,"y":218},"upperLeft":{"x":497.25,"y":138}},"dockers":[]},{"resourceId":"sid-D2D33C5F-769B-43C1-A1F1-3216113D674E","properties":{"overrideid":"","name":"","documentation":"","conditionsequenceflow":"","executionlisteners":"","defaultflow":"false"},"stencil":{"id":"SequenceFlow"},"childShapes":[],"outgoing":[{"resourceId":"sid-8F7223B5-97E7-4FCF-B5A2-CF13BB0C8B56"}],"bounds":{"lowerRight":{"x":497.1875,"y":178},"upperLeft":{"x":440.3125,"y":178}},"dockers":[{"x":50,"y":40},{"x":50,"y":40}],"target":{"resourceId":"sid-8F7223B5-97E7-4FCF-B5A2-CF13BB0C8B56"}},{"resourceId":"sid-929BB46B-A681-449D-9DB8-0C6CDD4E4D4A","properties":{"overrideid":"","name":"","documentation":"","executionlisteners":""},"stencil":{"id":"EndNoneEvent"},"childShapes":[],"outgoing":[],"bounds":{"lowerRight":{"x":673,"y":192},"upperLeft":{"x":645,"y":164}},"dockers":[]},{"resourceId":"sid-3E46EE8D-F7D9-4E3F-8D2B-B8EBB41FF1AF","properties":{"overrideid":"","name":"","documentation":"","conditionsequenceflow":"","executionlisteners":"","defaultflow":"false"},"stencil":{"id":"SequenceFlow"},"childShapes":[],"outgoing":[{"resourceId":"sid-929BB46B-A681-449D-9DB8-0C6CDD4E4D4A"}],"bounds":{"lowerRight":{"x":644.03125,"y":178},"upperLeft":{"x":598.013671875,"y":178}},"dockers":[{"x":50,"y":40},{"x":14,"y":14}],"target":{"resourceId":"sid-929BB46B-A681-449D-9DB8-0C6CDD4E4D4A"}}],"bounds":{"lowerRight":{"x":1200,"y":1050},"upperLeft":{"x":0,"y":0}},"stencilset":{"url":"stencilsets/bpmn2.0/bpmn2.0.json","namespace":"http://b3mn.org/stencilset/bpmn2.0#"},"ssextensions":[]}}