{"referenceId":665,"name":"Display DB Values","description":"Display DB Values","editorJson":{"tabs":[],"fields":[{"fieldType":"DynamicTableRepresentation","id":"recordList","name":"CUSTOMERS","type":"dynamic-table","value":null,"required":false,"readOnly":false,"overrideId":true,"colspan":1,"placeholder":null,"minLength":0,"maxLength":0,"minValue":null,"maxValue":null,"regexPattern":null,"optionType":null,"hasEmptyValue":null,"options":null,"restUrl":null,"restResponsePath":null,"restIdProperty":null,"restLabelProperty":null,"tab":null,"className":"dtable","params":{"existingColspan":1,"maxColspan":1},"dateDisplayFormat":null,"layout":{"row":-1,"column":-1,"colspan":2},"sizeX":2,"sizeY":2,"row":-1,"col":-1,"visibilityCondition":null,"columnDefinitions":[{"id":"recId","name":"ID","type":"String","value":null,"optionType":null,"options":null,"restResponsePath":null,"restUrl":null,"restIdProperty":null,"restLabelProperty":null,"amountCurrency":null,"fractionLength":null,"enablePeriodSeparator":false,"amountEnableFractions":false,"required":true,"editable":true,"sortable":true,"visible":true,"endpoint":null,"requestHeaders":null},{"id":"firstname","name":"First name","type":"String","value":null,"optionType":null,"options":null,"restResponsePath":null,"restUrl":null,"restIdProperty":null,"restLabelProperty":null,"amountCurrency":null,"fractionLength":null,"enablePeriodSeparator":false,"amountEnableFractions":false,"required":true,"editable":true,"sortable":true,"visible":true,"endpoint":null,"requestHeaders":null},{"id":"lastname","name":"Last name","type":"String","value":null,"optionType":null,"options":null,"restResponsePath":null,"restUrl":null,"restIdProperty":null,"restLabelProperty":null,"amountCurrency":null,"fractionLength":null,"enablePeriodSeparator":false,"amountEnableFractions":false,"required":true,"editable":true,"sortable":true,"visible":true,"endpoint":null,"requestHeaders":null},{"id":"address","name":"Address","type":"String","value":null,"optionType":null,"options":null,"restResponsePath":null,"restUrl":null,"restIdProperty":null,"restLabelProperty":null,"amountCurrency":null,"fractionLength":null,"enablePeriodSeparator":false,"amountEnableFractions":false,"required":true,"editable":true,"sortable":true,"visible":true,"endpoint":null,"requestHeaders":null},{"id":"state","name":"State","type":"String","value":null,"optionType":null,"options":null,"restResponsePath":null,"restUrl":null,"restIdProperty":null,"restLabelProperty":null,"amountCurrency":null,"fractionLength":null,"enablePeriodSeparator":false,"amountEnableFractions":false,"required":true,"editable":true,"sortable":true,"visible":true,"endpoint":null,"requestHeaders":null},{"id":"city","name":"City","type":"String","value":null,"optionType":null,"options":null,"restResponsePath":null,"restUrl":null,"restIdProperty":null,"restLabelProperty":null,"amountCurrency":null,"fractionLength":null,"enablePeriodSeparator":false,"amountEnableFractions":false,"required":true,"editable":true,"sortable":true,"visible":true,"endpoint":null,"requestHeaders":null},{"id":"zip","name":"Zip","type":"String","value":null,"optionType":null,"options":null,"restResponsePath":null,"restUrl":null,"restIdProperty":null,"restLabelProperty":null,"amountCurrency":null,"fractionLength":null,"enablePeriodSeparator":false,"amountEnableFractions":false,"required":true,"editable":true,"sortable":true,"visible":true,"endpoint":null,"requestHeaders":null}]}],"outcomes":[],"javascriptEvents":[],"className":"dtable","style":".dtable{\n    height: 300px;\n}","customFieldTemplates":{},"metadata":{},"variables":[],"customFieldsValueInfo":{},"gridsterForm":false}}