{"referenceId":742,"name":"Display DB Values","description":"Display DB Values","editorJson":{"tabs":[],"fields":[{"fieldType":"ContainerRepresentation","id":"queryresults","name":"Query Results:","type":"group","value":null,"required":false,"readOnly":false,"overrideId":false,"colspan":1,"placeholder":null,"minLength":0,"maxLength":0,"minValue":null,"maxValue":null,"regexPattern":null,"optionType":null,"hasEmptyValue":null,"options":null,"restUrl":null,"restResponsePath":null,"restIdProperty":null,"restLabelProperty":null,"tab":null,"className":null,"dateDisplayFormat":null,"layout":{"row":-1,"column":-1,"colspan":2},"sizeX":2,"sizeY":1,"row":-1,"col":-1,"visibilityCondition":null,"numberOfColumns":1,"fields":{"1":[{"fieldType":"FormFieldRepresentation","id":"label1","name":"Label1","type":"readonly-text","value":"Found ${recordCount} records with the Last Name of \"${lu_lastname}\".","required":false,"readOnly":false,"overrideId":false,"colspan":1,"placeholder":null,"minLength":0,"maxLength":0,"minValue":null,"maxValue":null,"regexPattern":null,"optionType":null,"hasEmptyValue":null,"options":null,"restUrl":null,"restResponsePath":null,"restIdProperty":null,"restLabelProperty":null,"tab":null,"className":null,"params":{"existingColspan":1,"maxColspan":1},"dateDisplayFormat":null,"layout":{"row":-1,"column":-1,"colspan":1},"sizeX":1,"sizeY":1,"row":-1,"col":-1,"visibilityCondition":null}]}},{"fieldType":"DynamicTableRepresentation","id":"recordList","name":"CUSTOMERS","type":"dynamic-table","value":null,"required":false,"readOnly":false,"overrideId":true,"colspan":1,"placeholder":null,"minLength":0,"maxLength":0,"minValue":null,"maxValue":null,"regexPattern":null,"optionType":null,"hasEmptyValue":null,"options":null,"restUrl":null,"restResponsePath":null,"restIdProperty":null,"restLabelProperty":null,"tab":null,"className":null,"params":{"existingColspan":1,"maxColspan":1},"dateDisplayFormat":null,"layout":{"row":-1,"column":-1,"colspan":2},"sizeX":2,"sizeY":2,"row":-1,"col":-1,"visibilityCondition":null,"columnDefinitions":[{"id":"recId","name":"ID","type":"String","value":null,"optionType":null,"options":null,"restResponsePath":null,"restUrl":null,"restIdProperty":null,"restLabelProperty":null,"amountCurrency":null,"fractionLength":null,"enablePeriodSeparator":false,"amountEnableFractions":false,"required":true,"editable":true,"sortable":true,"visible":true,"endpoint":null,"requestHeaders":null},{"id":"firstname","name":"First Name","type":"String","value":null,"optionType":null,"options":null,"restResponsePath":null,"restUrl":null,"restIdProperty":null,"restLabelProperty":null,"amountCurrency":null,"fractionLength":null,"enablePeriodSeparator":false,"amountEnableFractions":false,"required":true,"editable":false,"sortable":true,"visible":true,"endpoint":null,"requestHeaders":null},{"id":"lastname","name":"Last Name","type":"String","value":null,"optionType":null,"options":null,"restResponsePath":null,"restUrl":null,"restIdProperty":null,"restLabelProperty":null,"amountCurrency":null,"fractionLength":null,"enablePeriodSeparator":false,"amountEnableFractions":false,"required":true,"editable":false,"sortable":true,"visible":true,"endpoint":null,"requestHeaders":null},{"id":"address","name":"Address","type":"String","value":null,"optionType":null,"options":null,"restResponsePath":null,"restUrl":null,"restIdProperty":null,"restLabelProperty":null,"amountCurrency":null,"fractionLength":null,"enablePeriodSeparator":false,"amountEnableFractions":false,"required":true,"editable":false,"sortable":true,"visible":true,"endpoint":null,"requestHeaders":null},{"id":"state","name":"State","type":"String","value":null,"optionType":null,"options":null,"restResponsePath":null,"restUrl":null,"restIdProperty":null,"restLabelProperty":null,"amountCurrency":null,"fractionLength":null,"enablePeriodSeparator":false,"amountEnableFractions":false,"required":true,"editable":false,"sortable":true,"visible":true,"endpoint":null,"requestHeaders":null},{"id":"city","name":"City","type":"String","value":null,"optionType":null,"options":null,"restResponsePath":null,"restUrl":null,"restIdProperty":null,"restLabelProperty":null,"amountCurrency":null,"fractionLength":null,"enablePeriodSeparator":false,"amountEnableFractions":false,"required":true,"editable":false,"sortable":true,"visible":true,"endpoint":null,"requestHeaders":null},{"id":"zip","name":"Zip","type":"String","value":null,"optionType":null,"options":null,"restResponsePath":null,"restUrl":null,"restIdProperty":null,"restLabelProperty":null,"amountCurrency":null,"fractionLength":null,"enablePeriodSeparator":false,"amountEnableFractions":false,"required":true,"editable":false,"sortable":true,"visible":true,"endpoint":null,"requestHeaders":null}]},{"fieldType":"ContainerRepresentation","id":"1723624089506","name":"Label","type":"container","value":null,"required":false,"readOnly":false,"overrideId":false,"colspan":1,"placeholder":null,"minLength":0,"maxLength":0,"minValue":null,"maxValue":null,"regexPattern":null,"optionType":null,"hasEmptyValue":null,"options":null,"restUrl":null,"restResponsePath":null,"restIdProperty":null,"restLabelProperty":null,"tab":null,"className":null,"dateDisplayFormat":null,"layout":null,"sizeX":2,"sizeY":1,"row":-1,"col":-1,"visibilityCondition":null,"numberOfColumns":2,"fields":{"1":[{"fieldType":"FormFieldRepresentation","id":"label2","name":"Label2","type":"readonly-text","value":"Verify that this is the correct customer and proceed.\nPress Back if customer does not appear.","required":false,"readOnly":false,"overrideId":false,"colspan":1,"placeholder":null,"minLength":0,"maxLength":0,"minValue":null,"maxValue":null,"regexPattern":null,"optionType":null,"hasEmptyValue":null,"options":null,"restUrl":null,"restResponsePath":null,"restIdProperty":null,"restLabelProperty":null,"tab":null,"className":null,"params":{"existingColspan":1,"maxColspan":2},"dateDisplayFormat":null,"layout":{"row":-1,"column":-1,"colspan":1},"sizeX":1,"sizeY":1,"row":-1,"col":-1,"visibilityCondition":null}],"2":[]}}],"outcomes":[{"id":null,"name":"Proceed"},{"id":null,"name":"Back"}],"javascriptEvents":[],"className":"","style":"","customFieldTemplates":{},"metadata":{},"variables":[],"customFieldsValueInfo":{},"gridsterForm":false}}