{"referenceId":742,"name":"u6 Configure Deductible","description":"Configures the Deductible","editorJson":{"id":785,"name":"u6 Configure Deductible","key":"u6ConfigureDeductible","description":"Configures the Deductible","hitIndicator":"FIRST","inputExpressions":[{"id":"3","variableId":"value","variableType":"formfield","type":"number","label":"Equipment Value","entries":null,"newVariable":false}],"outputExpressions":[{"id":"4","variableId":"deductible","variableType":"variable","type":"number","label":"Deductible","entries":null,"newVariable":false}],"rules":[{"3":"< 100","4":"deductible - 200"},{"3":"< 500","4":"deductible - 150"},{"3":"< 1000","4":"deductible - 100"},{"3":">= 1000","4":"deductible + 200"}],"executionVariables":[]}}