<?xml version='1.0' encoding='UTF-8'?>
<bpmn2:definitions xmlns="http://www.omg.org/spec/BPMN/20100524/MODEL" xmlns:bpmn2="http://www.omg.org/spec/BPMN/20100524/MODEL" xmlns:xsi="http://www.w3.org/2001/XMLSchema-instance" xmlns:xsd="http://www.w3.org/2001/XMLSchema" xmlns:activiti="http://activiti.org/bpmn" xmlns:bpmndi="http://www.omg.org/spec/BPMN/20100524/DI" xmlns:omgdc="http://www.omg.org/spec/DD/20100524/DC" xmlns:omgdi="http://www.omg.org/spec/DD/20100524/DI" typeLanguage="http://www.w3.org/2001/XMLSchema" expressionLanguage="http://www.w3.org/1999/XPath" targetNamespace="http://www.activiti.org/processdef" xmlns:modeler="http://activiti.com/modeler" modeler:version="1.0en" modeler:exportDateTime="20240819145234374" modeler:modelId="665" modeler:modelVersion="20" modeler:modelLastUpdated="1723634991586">
  <bpmn2:process id="U6LookupDBValues" name="U6 Lookup DB Values" isExecutable="true">
    <bpmn2:documentation>Lookup vales from customer database.</bpmn2:documentation>
    <extensionElements>
      <modeler:deleteallvariables xmlns:modeler="http://activiti.com/modeler" modeler:deleteallvariables="false"/>
      <modeler:executionvariables xmlns:modeler="http://activiti.com/modeler" modeler:variableName="recordList" modeler:variableType="string" modeler:persist="true"/>
    </extensionElements>
    <bpmn2:startEvent id="startEvent1">
      <extensionElements>
        <modeler:editor-resource-id><![CDATA[startEvent1]]></modeler:editor-resource-id>
      </extensionElements>
      <bpmn2:outgoing>sid-2D370645-2CA4-419E-A59D-A903F816055A</bpmn2:outgoing>
    </bpmn2:startEvent>
    <bpmn2:scriptTask id="sid-020EF0FD-EEBC-4407-9DE6-6BF7BB98C66C" name="Get DB values" scriptFormat="groovy" activiti:autoStoreVariables="false">
      <extensionElements>
        <modeler:editor-resource-id><![CDATA[sid-020EF0FD-EEBC-4407-9DE6-6BF7BB98C66C]]></modeler:editor-resource-id>
      </extensionElements>
      <bpmn2:incoming>sid-2D370645-2CA4-419E-A59D-A903F816055A</bpmn2:incoming>
      <bpmn2:outgoing>sid-D188C34A-489E-47B7-86E0-09BA26ECC0F2</bpmn2:outgoing>
      <script><![CDATA[import groovy.sql.Sql;
import groovy.json.*
import groovy.json.JsonBuilder

class Record {
    String recId
    String firstname
    String lastname
    String address
    String city
    String state
    String zip
}

def url = 'jdbc:oracle:thin:@//aps-custom-oracle-db.cp58lgpzkwpy.us-east-1.rds.amazonaws.com/ORCL'
def user = 'admin'
def password = 'administrator'
def driver = 'oracle.jdbc.driver.OracleDriver'
def sql = Sql.newInstance(url, user, password, driver)

rowNum = 0;
def recordList = [];

sql.eachRow('SELECT ID, FIRSTNAME, LASTNAME, ADDRESSLINE1, CITY, STATE, ZIPCODE FROM CUSTOMERS') { row ->
   
  def r = new Record( recId: row.id, firstname:row.firstname, lastname:row.lastname, address:row.addressLine1, city:row.city, state:row.state, zip:row.zipcode)
    recordList.add(r);
  
}

  println new JsonBuilder( recordList ).toPrettyString()
  execution.setVariable("recordList", new JsonBuilder( recordList ).toPrettyString())]]></script>
    </bpmn2:scriptTask>
    <bpmn2:sequenceFlow id="sid-2D370645-2CA4-419E-A59D-A903F816055A" sourceRef="startEvent1" targetRef="sid-020EF0FD-EEBC-4407-9DE6-6BF7BB98C66C">
      <extensionElements>
        <modeler:editor-resource-id><![CDATA[sid-2D370645-2CA4-419E-A59D-A903F816055A]]></modeler:editor-resource-id>
      </extensionElements>
    </bpmn2:sequenceFlow>
    <bpmn2:userTask id="sid-BED9AC6E-4EC6-4737-B9F0-DE7A32287E29" name="Display DB Values" activiti:assignee="$INITIATOR" activiti:formKey="675">
      <extensionElements>
        <modeler:allow-send-email><![CDATA[true]]></modeler:allow-send-email>
        <modeler:form-reference-id><![CDATA[675]]></modeler:form-reference-id>
        <modeler:form-reference-name><![CDATA[Display DB Values]]></modeler:form-reference-name>
        <modeler:activiti-idm-initiator><![CDATA[true]]></modeler:activiti-idm-initiator>
        <modeler:editor-resource-id><![CDATA[sid-BED9AC6E-4EC6-4737-B9F0-DE7A32287E29]]></modeler:editor-resource-id>
      </extensionElements>
      <bpmn2:incoming>sid-D188C34A-489E-47B7-86E0-09BA26ECC0F2</bpmn2:incoming>
      <bpmn2:outgoing>sid-FBBC4BAB-3980-4EFA-ADBB-6099D30026F6</bpmn2:outgoing>
    </bpmn2:userTask>
    <bpmn2:sequenceFlow id="sid-D188C34A-489E-47B7-86E0-09BA26ECC0F2" sourceRef="sid-020EF0FD-EEBC-4407-9DE6-6BF7BB98C66C" targetRef="sid-BED9AC6E-4EC6-4737-B9F0-DE7A32287E29">
      <extensionElements>
        <modeler:editor-resource-id><![CDATA[sid-D188C34A-489E-47B7-86E0-09BA26ECC0F2]]></modeler:editor-resource-id>
      </extensionElements>
    </bpmn2:sequenceFlow>
    <bpmn2:endEvent id="sid-A6502021-4A26-42CD-81A9-39206D9E2335">
      <extensionElements>
        <modeler:editor-resource-id><![CDATA[sid-A6502021-4A26-42CD-81A9-39206D9E2335]]></modeler:editor-resource-id>
      </extensionElements>
      <bpmn2:incoming>sid-FBBC4BAB-3980-4EFA-ADBB-6099D30026F6</bpmn2:incoming>
    </bpmn2:endEvent>
    <bpmn2:sequenceFlow id="sid-FBBC4BAB-3980-4EFA-ADBB-6099D30026F6" sourceRef="sid-BED9AC6E-4EC6-4737-B9F0-DE7A32287E29" targetRef="sid-A6502021-4A26-42CD-81A9-39206D9E2335">
      <extensionElements>
        <modeler:editor-resource-id><![CDATA[sid-FBBC4BAB-3980-4EFA-ADBB-6099D30026F6]]></modeler:editor-resource-id>
      </extensionElements>
    </bpmn2:sequenceFlow>
  </bpmn2:process>
  <bpmndi:BPMNDiagram id="BPMNDiagram_U6LookupDBValues">
    <bpmndi:BPMNPlane bpmnElement="U6LookupDBValues" id="BPMNPlane_U6LookupDBValues">
      <bpmndi:BPMNShape bpmnElement="startEvent1" id="BPMNShape_startEvent1">
        <omgdc:Bounds height="30.0" width="30.0" x="100.0" y="163.0"/>
      </bpmndi:BPMNShape>
      <bpmndi:BPMNShape bpmnElement="sid-020EF0FD-EEBC-4407-9DE6-6BF7BB98C66C" id="BPMNShape_sid-020EF0FD-EEBC-4407-9DE6-6BF7BB98C66C">
        <omgdc:Bounds height="80.0" width="100.0" x="195.0" y="138.0"/>
      </bpmndi:BPMNShape>
      <bpmndi:BPMNShape bpmnElement="sid-BED9AC6E-4EC6-4737-B9F0-DE7A32287E29" id="BPMNShape_sid-BED9AC6E-4EC6-4737-B9F0-DE7A32287E29">
        <omgdc:Bounds height="80.0" width="100.0" x="358.75" y="138.0"/>
      </bpmndi:BPMNShape>
      <bpmndi:BPMNShape bpmnElement="sid-A6502021-4A26-42CD-81A9-39206D9E2335" id="BPMNShape_sid-A6502021-4A26-42CD-81A9-39206D9E2335">
        <omgdc:Bounds height="28.0" width="28.0" x="503.75" y="164.0"/>
      </bpmndi:BPMNShape>
      <bpmndi:BPMNEdge bpmnElement="sid-2D370645-2CA4-419E-A59D-A903F816055A" id="BPMNEdge_sid-2D370645-2CA4-419E-A59D-A903F816055A">
        <omgdi:waypoint x="130.0" y="178.0"/>
        <omgdi:waypoint x="195.0" y="178.0"/>
      </bpmndi:BPMNEdge>
      <bpmndi:BPMNEdge bpmnElement="sid-D188C34A-489E-47B7-86E0-09BA26ECC0F2" id="BPMNEdge_sid-D188C34A-489E-47B7-86E0-09BA26ECC0F2">
        <omgdi:waypoint x="295.0" y="178.0"/>
        <omgdi:waypoint x="358.75" y="178.0"/>
      </bpmndi:BPMNEdge>
      <bpmndi:BPMNEdge bpmnElement="sid-FBBC4BAB-3980-4EFA-ADBB-6099D30026F6" id="BPMNEdge_sid-FBBC4BAB-3980-4EFA-ADBB-6099D30026F6">
        <omgdi:waypoint x="458.75" y="178.0"/>
        <omgdi:waypoint x="503.75" y="178.0"/>
      </bpmndi:BPMNEdge>
    </bpmndi:BPMNPlane>
  </bpmndi:BPMNDiagram>
</bpmn2:definitions>