{"resourceId":665,"properties":{"process_id":"U6LookupDBValues","name":"U6 Lookup DB Values","documentation":"Lookup vales from customer database.","process_author":"","process_version":"","process_namespace":"http://www.activiti.org/processdef","executionlisteners":"","eventlisteners":"","signaldefinitions":"","messagedefinitions":"","executionvariables":"[{\"variableName\":\"recordList\",\"variableType\":\"string\",\"persist\":true,\"$$hashKey\":\"uiGrid-0009\"}]","metadata":"","nonpersistenceformfields":"","deleteallvariables":"false"},"stencil":{"id":"BPMNDiagram"},"childShapes":[{"resourceId":"startEvent1","properties":{"overrideid":"","name":"","documentation":"","executionlisteners":"","initiator":"","formkeydefinition":"","formreference":"","fieldstovariables":"","formproperties":""},"stencil":{"id":"StartNoneEvent"},"childShapes":[],"outgoing":[{"resourceId":"sid-2D370645-2CA4-419E-A59D-A903F816055A"}],"bounds":{"lowerRight":{"x":130,"y":193},"upperLeft":{"x":100,"y":163}},"dockers":[]},{"resourceId":"sid-020EF0FD-EEBC-4407-9DE6-6BF7BB98C66C","properties":{"scriptformat":"groovy","scripttext":"import groovy.sql.Sql;\nimport groovy.json.*\nimport groovy.json.JsonBuilder\n\nclass Record {\n    String recId\n    String firstname\n    String lastname\n    String address\n    String city\n    String state\n    String zip\n}\n\ndef url = 'jdbc:oracle:thin:@//aps-custom-oracle-db.cp58lgpzkwpy.us-east-1.rds.amazonaws.com/ORCL'\ndef user = 'admin'\ndef password = 'administrator'\ndef driver = 'oracle.jdbc.driver.OracleDriver'\ndef sql = Sql.newInstance(url, user, password, driver)\n\nrowNum = 0;\ndef recordList = [];\n\nsql.eachRow('SELECT ID, FIRSTNAME, LASTNAME, ADDRESSLINE1, CITY, STATE, ZIPCODE FROM CUSTOMERS') { row ->\n   \n  def r = new Record( recId: row.id, firstname:row.firstname, lastname:row.lastname, address:row.addressLine1, city:row.city, state:row.state, zip:row.zipcode)\n    recordList.add(r);\n  \n}\n\n  println new JsonBuilder( recordList ).toPrettyString()\n  execution.setVariable(\"recordList\", new JsonBuilder( recordList ).toPrettyString())","executionvariables":"","overrideid":"","name":"Get DB values","documentation":"","asynchronousdefinition":"false","exclusivedefinition":"false","executionlisteners":"","multiinstance_type":"None","multiinstance_cardinality":"","multiinstance_collection":"","multiinstance_variable":"","multiinstance_condition":"","isforcompensation":"false"},"stencil":{"id":"ScriptTask"},"childShapes":[],"outgoing":[{"resourceId":"sid-D188C34A-489E-47B7-86E0-09BA26ECC0F2"}],"bounds":{"lowerRight":{"x":295,"y":218},"upperLeft":{"x":195,"y":138}},"dockers":[]},{"resourceId":"sid-2D370645-2CA4-419E-A59D-A903F816055A","properties":{"overrideid":"","name":"","documentation":"","conditionsequenceflow":"","executionlisteners":"","defaultflow":"false"},"stencil":{"id":"SequenceFlow"},"childShapes":[],"outgoing":[{"resourceId":"sid-020EF0FD-EEBC-4407-9DE6-6BF7BB98C66C"}],"bounds":{"lowerRight":{"x":194.234375,"y":178},"upperLeft":{"x":130.21875,"y":178}},"dockers":[{"x":15,"y":15},{"x":50,"y":40}],"target":{"resourceId":"sid-020EF0FD-EEBC-4407-9DE6-6BF7BB98C66C"}},{"resourceId":"sid-BED9AC6E-4EC6-4737-B9F0-DE7A32287E29","properties":{"overrideid":"","name":"Display DB Values","documentation":"","asynchronousdefinition":"false","exclusivedefinition":"false","executionlisteners":"","multiinstance_type":"None","multiinstance_cardinality":"","multiinstance_collection":"","multiinstance_variable":"","multiinstance_condition":"","isforcompensation":"false","usertasksendemail":true,"usertaskassignment":"","formkeydefinition":"","formreference":{"id":675,"name":"Display DB Values","referenceId":665},"fieldstovariables":"","duedatedefinition":"","prioritydefinition":"","categorydefinition":"","formproperties":"","tasklisteners":"","emailtemplate":""},"stencil":{"id":"UserTask"},"childShapes":[],"outgoing":[{"resourceId":"sid-FBBC4BAB-3980-4EFA-ADBB-6099D30026F6"}],"bounds":{"lowerRight":{"x":458.75,"y":218},"upperLeft":{"x":358.75,"y":138}},"dockers":[]},{"resourceId":"sid-D188C34A-489E-47B7-86E0-09BA26ECC0F2","properties":{"overrideid":"","name":"","documentation":"","conditionsequenceflow":"","executionlisteners":"","defaultflow":"false"},"stencil":{"id":"SequenceFlow"},"childShapes":[],"outgoing":[{"resourceId":"sid-BED9AC6E-4EC6-4737-B9F0-DE7A32287E29"}],"bounds":{"lowerRight":{"x":357.857421875,"y":178},"upperLeft":{"x":295.892578125,"y":178}},"dockers":[{"x":50,"y":40},{"x":50,"y":40}],"target":{"resourceId":"sid-BED9AC6E-4EC6-4737-B9F0-DE7A32287E29"}},{"resourceId":"sid-A6502021-4A26-42CD-81A9-39206D9E2335","properties":{"overrideid":"","name":"","documentation":"","executionlisteners":""},"stencil":{"id":"EndNoneEvent"},"childShapes":[],"outgoing":[],"bounds":{"lowerRight":{"x":531.75,"y":192},"upperLeft":{"x":503.75,"y":164}},"dockers":[]},{"resourceId":"sid-FBBC4BAB-3980-4EFA-ADBB-6099D30026F6","properties":{"overrideid":"","name":"","documentation":"","conditionsequenceflow":"","executionlisteners":"","defaultflow":"false"},"stencil":{"id":"SequenceFlow"},"childShapes":[],"outgoing":[{"resourceId":"sid-A6502021-4A26-42CD-81A9-39206D9E2335"}],"bounds":{"lowerRight":{"x":503.125,"y":178},"upperLeft":{"x":459.140625,"y":178}},"dockers":[{"x":50,"y":40},{"x":14,"y":14}],"target":{"resourceId":"sid-A6502021-4A26-42CD-81A9-39206D9E2335"}}],"bounds":{"lowerRight":{"x":1200,"y":1050},"upperLeft":{"x":0,"y":0}},"stencilset":{"url":"stencilsets/bpmn2.0/bpmn2.0.json","namespace":"http://b3mn.org/stencilset/bpmn2.0#"},"ssextensions":[]}