{"resourceId":794,"properties":{"process_id":"u6NewClaimwselector","name":"u6 New Claim w selector","documentation":"create a new claim","process_author":"","process_version":"","process_namespace":"http://www.activiti.org/processdef","executionlisteners":"{\"executionListeners\":[]}","eventlisteners":"{\"eventListeners\":[]}","signaldefinitions":"[]","messagedefinitions":"[]","executionvariables":"[{\"variableName\":\"cAddress\",\"variableType\":\"string\",\"persist\":true,\"$$hashKey\":\"uiGrid-001G\"},{\"variableName\":\"cCity\",\"variableType\":\"string\",\"persist\":true,\"$$hashKey\":\"uiGrid-001I\"},{\"variableName\":\"cFirstName\",\"variableType\":\"string\",\"persist\":true,\"$$hashKey\":\"uiGrid-001K\"},{\"variableName\":\"cLastName\",\"variableType\":\"string\",\"persist\":true,\"$$hashKey\":\"uiGrid-001M\"},{\"variableName\":\"cState\",\"variableType\":\"string\",\"persist\":true,\"$$hashKey\":\"uiGrid-001O\"},{\"variableName\":\"cZip\",\"variableType\":\"string\",\"persist\":true,\"$$hashKey\":\"uiGrid-001Q\"},{\"variableName\":\"deductible\",\"variableType\":\"integer\",\"persist\":true,\"$$hashKey\":\"uiGrid-001S\"},{\"variableName\":\"lu_lastname\",\"variableType\":\"string\",\"persist\":true,\"$$hashKey\":\"uiGrid-001U\"},{\"variableName\":\"recordCount\",\"variableType\":\"integer\",\"persist\":true,\"$$hashKey\":\"uiGrid-001W\"},{\"variableName\":\"recordList\",\"variableType\":\"string\",\"persist\":true,\"$$hashKey\":\"uiGrid-001Y\"},{\"variableName\":\"lu_id\",\"variableType\":\"string\",\"persist\":true,\"$$hashKey\":\"uiGrid-0036\"}]","metadata":"","nonpersistenceformfields":"","deleteallvariables":"{\"deleteallvariables\":\"false\"}","original_model_id":742,"original_model_version":4},"stencil":{"id":"BPMNDiagram"},"childShapes":[{"resourceId":"startEvent1","properties":{"overrideid":"startEvent1","name":"","documentation":"","executionlisteners":{"executionListeners":[]},"initiator":"","formkeydefinition":"","formreference":"","fieldstovariables":"","formproperties":"","asynchronousdefinition":false,"exclusivedefinition":false},"stencil":{"id":"StartNoneEvent"},"childShapes":[],"outgoing":[{"resourceId":"sid-8765ECD9-CF87-47BB-8C5C-CA27CF0BA99A"}],"bounds":{"lowerRight":{"x":130,"y":193},"upperLeft":{"x":100,"y":163}},"dockers":[]},{"resourceId":"sid-5F93738E-8432-4AB5-AABA-BCE666CB3070","properties":{"overrideid":"sid-5F93738E-8432-4AB5-AABA-BCE666CB3070","name":"Customer Search","documentation":"","asynchronousdefinition":false,"exclusivedefinition":false,"executionlisteners":{"executionListeners":[]},"multiinstance_type":"None","multiinstance_cardinality":"","multiinstance_collection":"","multiinstance_variable":"","multiinstance_condition":"","isforcompensation":false,"usertasksendemail":true,"usertaskassignment":{"assignment":{"type":"idm","idm":{"type":"initiator"}}},"formkeydefinition":"","formreference":{"id":792,"name":"Customer Lookup"},"fieldstovariables":"","duedatedefinition":"","prioritydefinition":"","categorydefinition":"","formproperties":"","tasklisteners":{"taskListeners":[]},"emailtemplate":""},"stencil":{"id":"UserTask"},"childShapes":[],"outgoing":[{"resourceId":"sid-BC6A8500-C534-46E8-922A-A4E60787DBFA"}],"bounds":{"lowerRight":{"x":295,"y":218},"upperLeft":{"x":195,"y":138}},"dockers":[]},{"resourceId":"sid-8765ECD9-CF87-47BB-8C5C-CA27CF0BA99A","properties":{"overrideid":"sid-8765ECD9-CF87-47BB-8C5C-CA27CF0BA99A","name":"","documentation":"","conditionsequenceflow":"","executionlisteners":{"executionListeners":[]},"defaultflow":"false"},"stencil":{"id":"SequenceFlow"},"childShapes":[],"outgoing":[{"resourceId":"sid-5F93738E-8432-4AB5-AABA-BCE666CB3070"}],"bounds":{"lowerRight":{"x":194.234375,"y":178},"upperLeft":{"x":130.21875,"y":178}},"dockers":[{"x":15,"y":15},{"x":50,"y":40}],"target":{"resourceId":"sid-5F93738E-8432-4AB5-AABA-BCE666CB3070"}},{"resourceId":"sid-8D566083-E687-4E7D-9F57-C365DAAB6B6E","properties":{"scriptformat":"groovy","scripttext":"import groovy.sql.Sql;\r\nimport groovy.json.*;\r\nimport groovy.json.JsonBuilder;\r\nimport com.activiti.security.SecurityUtils;\r\n\r\nclass Record {\r\n    String recId\r\n    String firstname\r\n    String lastname\r\n    String address\r\n    String city\r\n    String state\r\n    String zip\r\n}\r\n\r\ndef ln = execution.getVariable(\"lookup_lastname\");\r\nexecution.setVariable(\"lu_lastname\", ln);\r\n\r\ndef url = 'jdbc:oracle:thin:@//aps-custom-oracle-db.cp58lgpzkwpy.us-east-1.rds.amazonaws.com/ORCL';\r\ndef user = 'admin';\r\ndef password = 'administrator';\r\ndef driver = 'oracle.jdbc.driver.OracleDriver';\r\ndef sql = Sql.newInstance(url, user, password, driver);\r\n\r\nrowNum = 0;\r\ndef recordList = [];\r\n\r\nsql.eachRow(\"SELECT ID, FIRSTNAME, LASTNAME, ADDRESSLINE1, CITY, STATE, ZIPCODE FROM CUSTOMERS WHERE LASTNAME = ${lu_lastname}\") { row ->\r\n   \r\n    def r = new Record( recId: row.id, firstname:row.firstname, lastname:row.lastname, address:row.addressLine1, city:row.city, state:row.state, zip:row.zipcode)\r\n    execution.setVariable(\"cFirstName\", row.firstname);\r\n    execution.setVariable(\"cLastName\", row.lastname);\r\n    execution.setVariable(\"cAddress\", row.addressLine1);\r\n    execution.setVariable(\"cCity\", row.city);\r\n    execution.setVariable(\"cState\", row.state);\r\n    execution.setVariable(\"cZip\", row.zipcode);\r\n    recordList.add(r);\r\n  \r\n}\r\nexecution.setVariable(\"recordCount\", recordList.size);\r\n  println new JsonBuilder( recordList ).toPrettyString();\r\n  execution.setVariable(\"recordList\", new JsonBuilder( recordList ).toPrettyString());\r\n","executionvariables":"","overrideid":"sid-8D566083-E687-4E7D-9F57-C365DAAB6B6E","name":"Get DB Values","documentation":"","asynchronousdefinition":false,"exclusivedefinition":false,"executionlisteners":{"executionListeners":[]},"multiinstance_type":"None","multiinstance_cardinality":"","multiinstance_collection":"","multiinstance_variable":"","multiinstance_condition":"","isforcompensation":false},"stencil":{"id":"ScriptTask"},"childShapes":[],"outgoing":[{"resourceId":"sid-AF74D213-0C48-4FBA-BB09-200128F69B21"}],"bounds":{"lowerRight":{"x":459.25,"y":218},"upperLeft":{"x":359.25,"y":138}},"dockers":[]},{"resourceId":"sid-BC6A8500-C534-46E8-922A-A4E60787DBFA","properties":{"overrideid":"sid-BC6A8500-C534-46E8-922A-A4E60787DBFA","name":"","documentation":"","conditionsequenceflow":"","executionlisteners":{"executionListeners":[]},"defaultflow":"false"},"stencil":{"id":"SequenceFlow"},"childShapes":[],"outgoing":[{"resourceId":"sid-8D566083-E687-4E7D-9F57-C365DAAB6B6E"}],"bounds":{"lowerRight":{"x":358.8466796875,"y":178},"upperLeft":{"x":295.4033203125,"y":178}},"dockers":[{"x":50,"y":40},{"x":50,"y":40}],"target":{"resourceId":"sid-8D566083-E687-4E7D-9F57-C365DAAB6B6E"}},{"resourceId":"sid-CDCABB26-A487-4FB8-B495-A0E2A6787B73","properties":{"overrideid":"sid-CDCABB26-A487-4FB8-B495-A0E2A6787B73","name":"Display DB Values","documentation":"","asynchronousdefinition":false,"exclusivedefinition":false,"executionlisteners":{"executionListeners":[]},"multiinstance_type":"None","multiinstance_cardinality":"","multiinstance_collection":"","multiinstance_variable":"","multiinstance_condition":"","isforcompensation":false,"usertasksendemail":true,"usertaskassignment":{"assignment":{"type":"idm","idm":{"type":"initiator"}}},"formkeydefinition":"","formreference":{"id":790,"name":"Display DB Values","referenceId":794},"fieldstovariables":"","duedatedefinition":"","prioritydefinition":"","categorydefinition":"","formproperties":"","tasklisteners":{"taskListeners":[]},"emailtemplate":""},"stencil":{"id":"UserTask"},"childShapes":[],"outgoing":[{"resourceId":"sid-7322A8B6-0C6F-4B55-B4D6-26243E241EE6"}],"bounds":{"lowerRight":{"x":625,"y":218},"upperLeft":{"x":525,"y":138}},"dockers":[]},{"resourceId":"sid-AF74D213-0C48-4FBA-BB09-200128F69B21","properties":{"overrideid":"sid-AF74D213-0C48-4FBA-BB09-200128F69B21","name":"","documentation":"","conditionsequenceflow":"","executionlisteners":{"executionListeners":[]},"defaultflow":"false"},"stencil":{"id":"SequenceFlow"},"childShapes":[],"outgoing":[{"resourceId":"sid-CDCABB26-A487-4FB8-B495-A0E2A6787B73"}],"bounds":{"lowerRight":{"x":524.79296875,"y":178},"upperLeft":{"x":459.45703125,"y":178}},"dockers":[{"x":50,"y":40},{"x":50,"y":40}],"target":{"resourceId":"sid-CDCABB26-A487-4FB8-B495-A0E2A6787B73"}},{"resourceId":"sid-7322A8B6-0C6F-4B55-B4D6-26243E241EE6","properties":{"overrideid":"sid-7322A8B6-0C6F-4B55-B4D6-26243E241EE6","name":"","documentation":"","conditionsequenceflow":"","executionlisteners":{"executionListeners":[]},"defaultflow":"false"},"stencil":{"id":"SequenceFlow"},"childShapes":[],"outgoing":[{"resourceId":"sid-CDEFCF4D-E12A-459B-BF1A-0CF0DBA27779"}],"bounds":{"lowerRight":{"x":575,"y":267.265625},"upperLeft":{"x":575,"y":218.171875}},"dockers":[{"x":50,"y":40},{"x":20,"y":20}],"target":{"resourceId":"sid-CDEFCF4D-E12A-459B-BF1A-0CF0DBA27779"}},{"resourceId":"sid-CDEFCF4D-E12A-459B-BF1A-0CF0DBA27779","properties":{"overrideid":"sid-CDEFCF4D-E12A-459B-BF1A-0CF0DBA27779","name":"","documentation":"","asynchronousdefinition":false,"exclusivedefinition":false,"sequencefloworder":{"sequenceFlowOrder":["sid-3EC8DD38-0E77-43E3-8F46-AF8D0BEA4026","sid-C7FC2445-47B5-459A-8AB6-6F3F2010A50C"]},"executionlisteners":{"executionListeners":[]}},"stencil":{"id":"ExclusiveGateway"},"childShapes":[],"outgoing":[{"resourceId":"sid-3EC8DD38-0E77-43E3-8F46-AF8D0BEA4026"},{"resourceId":"sid-C7FC2445-47B5-459A-8AB6-6F3F2010A50C"},{"resourceId":"sid-98FC4814-5DA6-4C36-89B9-679296233F45"}],"bounds":{"lowerRight":{"x":595,"y":307},"upperLeft":{"x":555,"y":267}},"dockers":[]},{"resourceId":"sid-3EC8DD38-0E77-43E3-8F46-AF8D0BEA4026","properties":{"overrideid":"sid-3EC8DD38-0E77-43E3-8F46-AF8D0BEA4026","name":"back","documentation":"","conditionsequenceflow":{"expression":{"index":"0","leftFormFieldType":"boolean","outcomeFormId":"790","outcomeFormName":"Display DB Values","rightOutcomeName":"Back","operator":"==","type":"variables"}},"executionlisteners":{"executionListeners":[]},"defaultflow":"false"},"stencil":{"id":"SequenceFlow"},"childShapes":[],"outgoing":[{"resourceId":"sid-5F93738E-8432-4AB5-AABA-BCE666CB3070"}],"bounds":{"lowerRight":{"x":554.6640636478401,"y":287.5},"upperLeft":{"x":245,"y":218.3515625}},"dockers":[{"x":20,"y":20},{"x":245,"y":287.5},{"x":50,"y":40}],"target":{"resourceId":"sid-5F93738E-8432-4AB5-AABA-BCE666CB3070"}},{"resourceId":"sid-797FD565-1C7E-484F-B26A-2E8761D21524","properties":{"overrideid":"sid-797FD565-1C7E-484F-B26A-2E8761D21524","name":"Create Claim","documentation":"","asynchronousdefinition":false,"exclusivedefinition":false,"executionlisteners":{"executionListeners":[]},"multiinstance_type":"None","multiinstance_cardinality":"","multiinstance_collection":"","multiinstance_variable":"","multiinstance_condition":"","isforcompensation":false,"usertasksendemail":true,"usertaskassignment":{"assignment":{"type":"idm","idm":{"type":"initiator"}}},"formkeydefinition":"","formreference":{"id":791,"name":"New Claim"},"fieldstovariables":"","duedatedefinition":"","prioritydefinition":"","categorydefinition":"","formproperties":"","tasklisteners":{"taskListeners":[]},"emailtemplate":""},"stencil":{"id":"UserTask"},"childShapes":[],"outgoing":[{"resourceId":"sid-30B8437F-CFCD-45F9-8312-DF01C8E5C477"}],"bounds":{"lowerRight":{"x":790,"y":218},"upperLeft":{"x":690,"y":138}},"dockers":[]},{"resourceId":"sid-C7FC2445-47B5-459A-8AB6-6F3F2010A50C","properties":{"overrideid":"sid-C7FC2445-47B5-459A-8AB6-6F3F2010A50C","name":"proceed","documentation":"","conditionsequenceflow":"","executionlisteners":{"executionListeners":[]},"defaultflow":true},"stencil":{"id":"SequenceFlow"},"childShapes":[],"outgoing":[{"resourceId":"sid-797FD565-1C7E-484F-B26A-2E8761D21524"}],"bounds":{"lowerRight":{"x":740,"y":287.5},"upperLeft":{"x":595.3359329086634,"y":218.3515625}},"dockers":[{"x":20,"y":20},{"x":740,"y":287.5},{"x":50,"y":40}],"target":{"resourceId":"sid-797FD565-1C7E-484F-B26A-2E8761D21524"}},{"resourceId":"sid-30B8437F-CFCD-45F9-8312-DF01C8E5C477","properties":{"overrideid":"sid-30B8437F-CFCD-45F9-8312-DF01C8E5C477","name":"","documentation":"","conditionsequenceflow":"","executionlisteners":{"executionListeners":[]},"defaultflow":"false"},"stencil":{"id":"SequenceFlow"},"childShapes":[],"outgoing":[{"resourceId":"sid-A1A6AAAA-737B-4E85-BE27-CDE57BABAD29"}],"bounds":{"lowerRight":{"x":854.37109375,"y":178},"upperLeft":{"x":790.62890625,"y":178}},"dockers":[{"x":50,"y":40},{"x":50,"y":40}],"target":{"resourceId":"sid-A1A6AAAA-737B-4E85-BE27-CDE57BABAD29"}},{"resourceId":"sid-A1A6AAAA-737B-4E85-BE27-CDE57BABAD29","properties":{"scriptformat":"groovy","scripttext":"execution.setVariable(\"deductible\", 200);","executionvariables":"","overrideid":"sid-A1A6AAAA-737B-4E85-BE27-CDE57BABAD29","name":"set deductible","documentation":"","asynchronousdefinition":false,"exclusivedefinition":false,"executionlisteners":{"executionListeners":[]},"multiinstance_type":"None","multiinstance_cardinality":"","multiinstance_collection":"","multiinstance_variable":"","multiinstance_condition":"","isforcompensation":false},"stencil":{"id":"ScriptTask"},"childShapes":[],"outgoing":[{"resourceId":"sid-BE5789E7-CCCD-47F3-BA51-99C3E44091B5"}],"bounds":{"lowerRight":{"x":955,"y":218},"upperLeft":{"x":855,"y":138}},"dockers":[]},{"resourceId":"sid-8982715F-66F6-4651-80F1-2E5632A66696","properties":{"overrideid":"sid-8982715F-66F6-4651-80F1-2E5632A66696","name":"Configure Deductible","documentation":"","asynchronousdefinition":false,"exclusivedefinition":false,"executionlisteners":{"executionListeners":[]},"multiinstance_type":"None","multiinstance_cardinality":"","multiinstance_collection":"","multiinstance_variable":"","multiinstance_condition":"","isforcompensation":false,"decisiontaskdecisiontablereference":{"id":793,"name":"u6 Configure Deductible","referenceId":794}},"stencil":{"id":"DecisionTask"},"childShapes":[],"outgoing":[{"resourceId":"sid-B2FEC4F2-5BA9-4DBE-9642-2200CCE0BC2A"}],"bounds":{"lowerRight":{"x":955,"y":350},"upperLeft":{"x":855,"y":270}},"dockers":[]},{"resourceId":"sid-BE5789E7-CCCD-47F3-BA51-99C3E44091B5","properties":{"overrideid":"sid-BE5789E7-CCCD-47F3-BA51-99C3E44091B5","name":"","documentation":"","conditionsequenceflow":"","executionlisteners":{"executionListeners":[]},"defaultflow":"false"},"stencil":{"id":"SequenceFlow"},"childShapes":[],"outgoing":[{"resourceId":"sid-8982715F-66F6-4651-80F1-2E5632A66696"}],"bounds":{"lowerRight":{"x":905,"y":269.8125},"upperLeft":{"x":905,"y":218.1875}},"dockers":[{"x":50,"y":40},{"x":50,"y":40}],"target":{"resourceId":"sid-8982715F-66F6-4651-80F1-2E5632A66696"}},{"resourceId":"sid-F1E27393-43AD-46C2-8617-A4CAE5DC585D","properties":{"scriptformat":"groovy","scripttext":"import groovy.sql.Sql;\r\nimport groovy.json.*;\r\nimport groovy.json.JsonBuilder;\r\nimport com.activiti.security.SecurityUtils;\r\n\r\nclass Record {\r\n    String recId\r\n    String firstname\r\n    String lastname\r\n    String address\r\n    String city\r\n    String state\r\n    String zip\r\n}\r\n\r\ndef id = execution.getVariable(\"customerid\");\r\nexecution.setVariable(\"lu_id\", id);\r\n\r\ndef url = 'jdbc:oracle:thin:@//aps-custom-oracle-db.cp58lgpzkwpy.us-east-1.rds.amazonaws.com/ORCL';\r\ndef user = 'admin';\r\ndef password = 'administrator';\r\ndef driver = 'oracle.jdbc.driver.OracleDriver';\r\ndef sql = Sql.newInstance(url, user, password, driver);\r\n\r\nrowNum = 0;\r\ndef recordList = [];\r\n\r\nsql.eachRow(\"SELECT ID, FIRSTNAME, LASTNAME, ADDRESSLINE1, CITY, STATE, ZIPCODE FROM CUSTOMERS WHERE ID = ${lu_id}\") { row ->\r\n   \r\n    def r = new Record( recId: row.id, firstname:row.firstname, lastname:row.lastname, address:row.addressLine1, city:row.city, state:row.state, zip:row.zipcode)\r\n    execution.setVariable(\"cFirstName\", row.firstname);\r\n    execution.setVariable(\"cLastName\", row.lastname);\r\n    execution.setVariable(\"cAddress\", row.addressLine1);\r\n    execution.setVariable(\"cCity\", row.city);\r\n    execution.setVariable(\"cState\", row.state);\r\n    execution.setVariable(\"cZip\", row.zipcode);\r\n    recordList.add(r);\r\n  \r\n}\r\nexecution.setVariable(\"recordCount\", recordList.size);\r\n  println new JsonBuilder( recordList ).toPrettyString();\r\n  execution.setVariable(\"recordList\", new JsonBuilder( recordList ).toPrettyString());\r\n","executionvariables":"","overrideid":"","name":"Get Customer by ID","documentation":"","asynchronousdefinition":"false","exclusivedefinition":"false","executionlisteners":"","multiinstance_type":"None","multiinstance_cardinality":"","multiinstance_collection":"","multiinstance_variable":"","multiinstance_condition":"","isforcompensation":"false"},"stencil":{"id":"ScriptTask"},"childShapes":[],"outgoing":[{"resourceId":"sid-DEA182A2-2DBB-4B76-ABF8-F7EDAF73A727"}],"bounds":{"lowerRight":{"x":625,"y":485},"upperLeft":{"x":525,"y":405}},"dockers":[]},{"resourceId":"sid-DEA182A2-2DBB-4B76-ABF8-F7EDAF73A727","properties":{"overrideid":"","name":"","documentation":"","conditionsequenceflow":"","executionlisteners":"","defaultflow":"false"},"stencil":{"id":"SequenceFlow"},"childShapes":[],"outgoing":[{"resourceId":"sid-CDCABB26-A487-4FB8-B495-A0E2A6787B73"}],"bounds":{"lowerRight":{"x":524.2540153474939,"y":445},"upperLeft":{"x":486.25,"y":212.87893029637038}},"dockers":[{"x":50,"y":40},{"x":486.25,"y":445},{"x":486.25,"y":239},{"x":50,"y":40}],"target":{"resourceId":"sid-CDCABB26-A487-4FB8-B495-A0E2A6787B73"}},{"resourceId":"sid-B2FEC4F2-5BA9-4DBE-9642-2200CCE0BC2A","properties":{"overrideid":"","name":"","documentation":"","conditionsequenceflow":"","executionlisteners":"","defaultflow":"false","showdiamondmarker":false},"stencil":{"id":"SequenceFlow"},"childShapes":[],"outgoing":[{"resourceId":"sid-5E20E78E-C524-4D67-A58B-5E5F1A78E647"}],"bounds":{"lowerRight":{"x":919.3427188647332,"y":419.44597779857935},"upperLeft":{"x":910.3350155102668,"y":350.71027220142065}},"dockers":[{"x":50,"y":40},{"x":66.25,"y":14}],"target":{"resourceId":"sid-5E20E78E-C524-4D67-A58B-5E5F1A78E647"}},{"resourceId":"sid-5E20E78E-C524-4D67-A58B-5E5F1A78E647","properties":{"overrideid":"","name":"verify\n","documentation":"","asynchronousdefinition":"false","exclusivedefinition":"false","executionlisteners":"","multiinstance_type":"None","multiinstance_cardinality":"","multiinstance_collection":"","multiinstance_variable":"","multiinstance_condition":"","isforcompensation":"false","usertasksendemail":true,"usertaskassignment":"","formkeydefinition":"","formreference":{"id":803,"name":"Verify Claim","referenceId":794},"fieldstovariables":"","duedatedefinition":"","prioritydefinition":"","categorydefinition":"","formproperties":"","tasklisteners":"","emailtemplate":""},"stencil":{"id":"UserTask"},"childShapes":[],"outgoing":[{"resourceId":"sid-71FEC5A1-D4C3-423E-B736-AD2D6F6E9362"}],"bounds":{"lowerRight":{"x":955,"y":500},"upperLeft":{"x":855,"y":420}},"dockers":[]},{"resourceId":"sid-6EE7B2B1-9E9D-4E53-89F3-424C76E7E70E","properties":{"overrideid":"","name":"","documentation":"","executionlisteners":""},"stencil":{"id":"EndNoneEvent"},"childShapes":[],"outgoing":[],"bounds":{"lowerRight":{"x":1028,"y":474},"upperLeft":{"x":1000,"y":446}},"dockers":[]},{"resourceId":"sid-71FEC5A1-D4C3-423E-B736-AD2D6F6E9362","properties":{"overrideid":"","name":"","documentation":"","conditionsequenceflow":"","executionlisteners":"","defaultflow":"false"},"stencil":{"id":"SequenceFlow"},"childShapes":[],"outgoing":[{"resourceId":"sid-6EE7B2B1-9E9D-4E53-89F3-424C76E7E70E"}],"bounds":{"lowerRight":{"x":999.375,"y":460},"upperLeft":{"x":955.390625,"y":460}},"dockers":[{"x":50,"y":40},{"x":14,"y":14}],"target":{"resourceId":"sid-6EE7B2B1-9E9D-4E53-89F3-424C76E7E70E"}},{"resourceId":"sid-98FC4814-5DA6-4C36-89B9-679296233F45","properties":{"overrideid":"","name":"LU ID","documentation":"","conditionsequenceflow":{"expression":{"type":"variables","outcomeFormId":790,"outcomeFormName":"Display DB Values","operator":"==","rightOutcomeFormId":790,"rightOutcomeFormName":"Display DB Values","rightOutcomeName":"Look Up ID","leftFormFieldType":"boolean"}},"executionlisteners":"","defaultflow":"false"},"stencil":{"id":"SequenceFlow"},"childShapes":[],"outgoing":[{"resourceId":"sid-F1E27393-43AD-46C2-8617-A4CAE5DC585D"}],"bounds":{"lowerRight":{"x":575.4382316628223,"y":404.6250050390146},"upperLeft":{"x":575.1281745871777,"y":306.9570262109854}},"dockers":[{"x":20.5,"y":20.5},{"x":50,"y":40}],"target":{"resourceId":"sid-F1E27393-43AD-46C2-8617-A4CAE5DC585D"}}],"bounds":{"lowerRight":{"x":1200,"y":1050},"upperLeft":{"x":0,"y":0}},"stencilset":{"url":"stencilsets/bpmn2.0/bpmn2.0.json","namespace":"http://b3mn.org/stencilset/bpmn2.0#"},"ssextensions":[]}