{"resourceId":742,"properties":{"process_id":"u6NewClaim","name":"u6 New Claim","documentation":"create a new claim","process_author":"","process_version":"","process_namespace":"http://www.activiti.org/processdef","executionlisteners":"","eventlisteners":"","signaldefinitions":"","messagedefinitions":"","executionvariables":"[{\"variableName\":\"cAddress\",\"variableType\":\"string\",\"persist\":true,\"$$hashKey\":\"uiGrid-003Z\"},{\"variableName\":\"cCity\",\"variableType\":\"string\",\"persist\":true,\"$$hashKey\":\"uiGrid-0041\"},{\"variableName\":\"cFirstName\",\"variableType\":\"string\",\"persist\":true,\"$$hashKey\":\"uiGrid-0043\"},{\"variableName\":\"cLastName\",\"variableType\":\"string\",\"persist\":true,\"$$hashKey\":\"uiGrid-0045\"},{\"variableName\":\"cState\",\"variableType\":\"string\",\"persist\":true,\"$$hashKey\":\"uiGrid-0047\"},{\"variableName\":\"cZip\",\"variableType\":\"string\",\"persist\":true,\"$$hashKey\":\"uiGrid-0049\"},{\"variableName\":\"deductible\",\"variableType\":\"integer\",\"persist\":true,\"$$hashKey\":\"uiGrid-004B\"},{\"variableName\":\"lu_lastname\",\"variableType\":\"string\",\"persist\":true,\"$$hashKey\":\"uiGrid-004D\"},{\"variableName\":\"recordCount\",\"variableType\":\"integer\",\"persist\":true,\"$$hashKey\":\"uiGrid-004F\"},{\"variableName\":\"recordList\",\"variableType\":\"string\",\"persist\":true,\"$$hashKey\":\"uiGrid-004H\"}]","metadata":"","nonpersistenceformfields":"","deleteallvariables":"false"},"stencil":{"id":"BPMNDiagram"},"childShapes":[{"resourceId":"startEvent1","properties":{"overrideid":"","name":"","documentation":"","executionlisteners":"","initiator":"","formkeydefinition":"","formreference":"","fieldstovariables":"","formproperties":""},"stencil":{"id":"StartNoneEvent"},"childShapes":[],"outgoing":[{"resourceId":"sid-8765ECD9-CF87-47BB-8C5C-CA27CF0BA99A"}],"bounds":{"lowerRight":{"x":130,"y":193},"upperLeft":{"x":100,"y":163}},"dockers":[]},{"resourceId":"sid-5F93738E-8432-4AB5-AABA-BCE666CB3070","properties":{"overrideid":"","name":"Customer Search","documentation":"","asynchronousdefinition":"false","exclusivedefinition":"false","executionlisteners":"","multiinstance_type":"None","multiinstance_cardinality":"","multiinstance_collection":"","multiinstance_variable":"","multiinstance_condition":"","isforcompensation":"false","usertasksendemail":true,"usertaskassignment":"","formkeydefinition":"","formreference":{"id":756,"name":"Customer Lookup","referenceId":742},"fieldstovariables":"","duedatedefinition":"","prioritydefinition":"","categorydefinition":"","formproperties":"","tasklisteners":"","emailtemplate":""},"stencil":{"id":"UserTask"},"childShapes":[],"outgoing":[{"resourceId":"sid-BC6A8500-C534-46E8-922A-A4E60787DBFA"}],"bounds":{"lowerRight":{"x":295,"y":218},"upperLeft":{"x":195,"y":138}},"dockers":[]},{"resourceId":"sid-8765ECD9-CF87-47BB-8C5C-CA27CF0BA99A","properties":{"overrideid":"","name":"","documentation":"","conditionsequenceflow":"","executionlisteners":"","defaultflow":"false"},"stencil":{"id":"SequenceFlow"},"childShapes":[],"outgoing":[{"resourceId":"sid-5F93738E-8432-4AB5-AABA-BCE666CB3070"}],"bounds":{"lowerRight":{"x":194.234375,"y":178},"upperLeft":{"x":130.21875,"y":178}},"dockers":[{"x":15,"y":15},{"x":50,"y":40}],"target":{"resourceId":"sid-5F93738E-8432-4AB5-AABA-BCE666CB3070"}},{"resourceId":"sid-8D566083-E687-4E7D-9F57-C365DAAB6B6E","properties":{"scriptformat":"groovy","scripttext":"import groovy.sql.Sql;\r\nimport groovy.json.*;\r\nimport groovy.json.JsonBuilder;\r\nimport com.activiti.security.SecurityUtils;\r\n\r\nclass Record {\r\n    String recId\r\n    String firstname\r\n    String lastname\r\n    String address\r\n    String city\r\n    String state\r\n    String zip\r\n}\r\n\r\ndef ln = execution.getVariable(\"lookup_lastname\");\r\nexecution.setVariable(\"lu_lastname\", ln);\r\n\r\ndef url = 'jdbc:oracle:thin:@//aps-custom-oracle-db.cp58lgpzkwpy.us-east-1.rds.amazonaws.com/ORCL';\r\ndef user = 'admin';\r\ndef password = 'administrator';\r\ndef driver = 'oracle.jdbc.driver.OracleDriver';\r\ndef sql = Sql.newInstance(url, user, password, driver);\r\n\r\nrowNum = 0;\r\ndef recordList = [];\r\n\r\nsql.eachRow(\"SELECT ID, FIRSTNAME, LASTNAME, ADDRESSLINE1, CITY, STATE, ZIPCODE FROM CUSTOMERS WHERE LASTNAME = ${lu_lastname}\") { row ->\r\n   \r\n    def r = new Record( recId: row.id, firstname:row.firstname, lastname:row.lastname, address:row.addressLine1, city:row.city, state:row.state, zip:row.zipcode)\r\n    execution.setVariable(\"cFirstName\", row.firstname);\r\n    execution.setVariable(\"cLastName\", row.lastname);\r\n    execution.setVariable(\"cAddress\", row.addressLine1);\r\n    execution.setVariable(\"cCity\", row.city);\r\n    execution.setVariable(\"cState\", row.state);\r\n    execution.setVariable(\"cZip\", row.zipcode);\r\n    recordList.add(r);\r\n  \r\n}\r\nexecution.setVariable(\"recordCount\", recordList.size);\r\n  println new JsonBuilder( recordList ).toPrettyString();\r\n  execution.setVariable(\"recordList\", new JsonBuilder( recordList ).toPrettyString());\r\n","executionvariables":"","overrideid":"","name":"Get DB Values","documentation":"","asynchronousdefinition":"false","exclusivedefinition":"false","executionlisteners":"","multiinstance_type":"None","multiinstance_cardinality":"","multiinstance_collection":"","multiinstance_variable":"","multiinstance_condition":"","isforcompensation":"false"},"stencil":{"id":"ScriptTask"},"childShapes":[],"outgoing":[{"resourceId":"sid-AF74D213-0C48-4FBA-BB09-200128F69B21"}],"bounds":{"lowerRight":{"x":459.25,"y":218},"upperLeft":{"x":359.25,"y":138}},"dockers":[]},{"resourceId":"sid-BC6A8500-C534-46E8-922A-A4E60787DBFA","properties":{"overrideid":"","name":"","documentation":"","conditionsequenceflow":"","executionlisteners":"","defaultflow":"false"},"stencil":{"id":"SequenceFlow"},"childShapes":[],"outgoing":[{"resourceId":"sid-8D566083-E687-4E7D-9F57-C365DAAB6B6E"}],"bounds":{"lowerRight":{"x":358.8466796875,"y":178},"upperLeft":{"x":295.4033203125,"y":178}},"dockers":[{"x":50,"y":40},{"x":50,"y":40}],"target":{"resourceId":"sid-8D566083-E687-4E7D-9F57-C365DAAB6B6E"}},{"resourceId":"sid-CDCABB26-A487-4FB8-B495-A0E2A6787B73","properties":{"overrideid":"","name":"Display DB Values","documentation":"","asynchronousdefinition":"false","exclusivedefinition":"false","executionlisteners":"","multiinstance_type":"None","multiinstance_cardinality":"","multiinstance_collection":"","multiinstance_variable":"","multiinstance_condition":"","isforcompensation":"false","usertasksendemail":true,"usertaskassignment":"","formkeydefinition":"","formreference":{"id":767,"name":"Display DB Values","referenceId":742},"fieldstovariables":"","duedatedefinition":"","prioritydefinition":"","categorydefinition":"","formproperties":"","tasklisteners":"","emailtemplate":""},"stencil":{"id":"UserTask"},"childShapes":[],"outgoing":[{"resourceId":"sid-7322A8B6-0C6F-4B55-B4D6-26243E241EE6"}],"bounds":{"lowerRight":{"x":625,"y":218},"upperLeft":{"x":525,"y":138}},"dockers":[]},{"resourceId":"sid-AF74D213-0C48-4FBA-BB09-200128F69B21","properties":{"overrideid":"","name":"","documentation":"","conditionsequenceflow":"","executionlisteners":"","defaultflow":"false"},"stencil":{"id":"SequenceFlow"},"childShapes":[],"outgoing":[{"resourceId":"sid-CDCABB26-A487-4FB8-B495-A0E2A6787B73"}],"bounds":{"lowerRight":{"x":524.79296875,"y":178},"upperLeft":{"x":459.45703125,"y":178}},"dockers":[{"x":50,"y":40},{"x":50,"y":40}],"target":{"resourceId":"sid-CDCABB26-A487-4FB8-B495-A0E2A6787B73"}},{"resourceId":"sid-7322A8B6-0C6F-4B55-B4D6-26243E241EE6","properties":{"overrideid":"","name":"","documentation":"","conditionsequenceflow":"","executionlisteners":"","defaultflow":"false","showdiamondmarker":false},"stencil":{"id":"SequenceFlow"},"childShapes":[],"outgoing":[{"resourceId":"sid-CDEFCF4D-E12A-459B-BF1A-0CF0DBA27779"}],"bounds":{"lowerRight":{"x":575.405590087557,"y":266.82422917497405},"upperLeft":{"x":575.184253662443,"y":218.35155207502592}},"dockers":[{"x":50,"y":40},{"x":20.5,"y":20.5}],"target":{"resourceId":"sid-CDEFCF4D-E12A-459B-BF1A-0CF0DBA27779"}},{"resourceId":"sid-CDEFCF4D-E12A-459B-BF1A-0CF0DBA27779","properties":{"overrideid":"","name":"","documentation":"","asynchronousdefinition":"false","exclusivedefinition":"false","sequencefloworder":""},"stencil":{"id":"ExclusiveGateway"},"childShapes":[],"outgoing":[{"resourceId":"sid-3EC8DD38-0E77-43E3-8F46-AF8D0BEA4026"},{"resourceId":"sid-C7FC2445-47B5-459A-8AB6-6F3F2010A50C"}],"bounds":{"lowerRight":{"x":595,"y":307},"upperLeft":{"x":555,"y":267}},"dockers":[]},{"resourceId":"sid-3EC8DD38-0E77-43E3-8F46-AF8D0BEA4026","properties":{"overrideid":"","name":"back","documentation":"","conditionsequenceflow":{"expression":{"type":"variables","outcomeFormId":767,"outcomeFormName":"Display DB Values","operator":"==","rightOutcomeFormId":767,"rightOutcomeFormName":"Display DB Values","rightOutcomeName":"Back","leftFormFieldType":"boolean"}},"executionlisteners":"","defaultflow":false},"stencil":{"id":"SequenceFlow"},"childShapes":[],"outgoing":[{"resourceId":"sid-5F93738E-8432-4AB5-AABA-BCE666CB3070"}],"bounds":{"lowerRight":{"x":554.4892578125,"y":287.5},"upperLeft":{"x":245,"y":218.3515625}},"dockers":[{"x":20.5,"y":20.5},{"x":245,"y":287.5},{"x":50,"y":40}],"target":{"resourceId":"sid-5F93738E-8432-4AB5-AABA-BCE666CB3070"}},{"resourceId":"sid-797FD565-1C7E-484F-B26A-2E8761D21524","properties":{"overrideid":"","name":"Create Claim","documentation":"","asynchronousdefinition":"false","exclusivedefinition":"false","executionlisteners":"","multiinstance_type":"None","multiinstance_cardinality":"","multiinstance_collection":"","multiinstance_variable":"","multiinstance_condition":"","isforcompensation":"false","usertasksendemail":true,"usertaskassignment":"","formkeydefinition":"","formreference":{"id":773,"name":"New Claim","referenceId":742},"fieldstovariables":"","duedatedefinition":"","prioritydefinition":"","categorydefinition":"","formproperties":"","tasklisteners":"","emailtemplate":""},"stencil":{"id":"UserTask"},"childShapes":[],"outgoing":[{"resourceId":"sid-30B8437F-CFCD-45F9-8312-DF01C8E5C477"}],"bounds":{"lowerRight":{"x":790,"y":218},"upperLeft":{"x":690,"y":138}},"dockers":[]},{"resourceId":"sid-C7FC2445-47B5-459A-8AB6-6F3F2010A50C","properties":{"overrideid":"","name":"proceed","documentation":"","conditionsequenceflow":"","executionlisteners":"","defaultflow":true,"showdiamondmarker":false},"stencil":{"id":"SequenceFlow"},"childShapes":[],"outgoing":[{"resourceId":"sid-797FD565-1C7E-484F-B26A-2E8761D21524"}],"bounds":{"lowerRight":{"x":740,"y":287.5},"upperLeft":{"x":595.77734375,"y":218.55078125}},"dockers":[{"x":20.5,"y":20.5},{"x":740,"y":287.5},{"x":50,"y":79}],"target":{"resourceId":"sid-797FD565-1C7E-484F-B26A-2E8761D21524"}},{"resourceId":"sid-30B8437F-CFCD-45F9-8312-DF01C8E5C477","properties":{"overrideid":"","name":"","documentation":"","conditionsequenceflow":"","executionlisteners":"","defaultflow":"false","showdiamondmarker":false},"stencil":{"id":"SequenceFlow"},"childShapes":[],"outgoing":[{"resourceId":"sid-A1A6AAAA-737B-4E85-BE27-CDE57BABAD29"}],"bounds":{"lowerRight":{"x":855,"y":178},"upperLeft":{"x":790.84375,"y":178}},"dockers":[{"x":50,"y":40},{"x":1,"y":40}],"target":{"resourceId":"sid-A1A6AAAA-737B-4E85-BE27-CDE57BABAD29"}},{"resourceId":"sid-A1A6AAAA-737B-4E85-BE27-CDE57BABAD29","properties":{"scriptformat":"groovy","scripttext":"execution.setVariable(\"deductible\", 200);","executionvariables":"","overrideid":"","name":"set deductible","documentation":"","asynchronousdefinition":"false","exclusivedefinition":"false","executionlisteners":"","multiinstance_type":"None","multiinstance_cardinality":"","multiinstance_collection":"","multiinstance_variable":"","multiinstance_condition":"","isforcompensation":"false"},"stencil":{"id":"ScriptTask"},"childShapes":[],"outgoing":[{"resourceId":"sid-BE5789E7-CCCD-47F3-BA51-99C3E44091B5"}],"bounds":{"lowerRight":{"x":955,"y":218},"upperLeft":{"x":855,"y":138}},"dockers":[]},{"resourceId":"sid-8982715F-66F6-4651-80F1-2E5632A66696","properties":{"overrideid":"","name":"Configure Deductible","documentation":"","asynchronousdefinition":"false","exclusivedefinition":"false","executionlisteners":"","multiinstance_type":"None","multiinstance_cardinality":"","multiinstance_collection":"","multiinstance_variable":"","multiinstance_condition":"","isforcompensation":"false","decisiontaskdecisiontablereference":{"id":785,"name":"u6 Configure Deductible","referenceId":742}},"stencil":{"id":"DecisionTask"},"childShapes":[],"outgoing":[{"resourceId":"sid-C86D9960-AF27-4110-89F2-539B5FFCD1E1"}],"bounds":{"lowerRight":{"x":955,"y":425},"upperLeft":{"x":855,"y":345}},"dockers":[]},{"resourceId":"sid-BE5789E7-CCCD-47F3-BA51-99C3E44091B5","properties":{"overrideid":"","name":"","documentation":"","conditionsequenceflow":"","executionlisteners":"","defaultflow":"false"},"stencil":{"id":"SequenceFlow"},"childShapes":[],"outgoing":[{"resourceId":"sid-8982715F-66F6-4651-80F1-2E5632A66696"}],"bounds":{"lowerRight":{"x":905,"y":344.37890625},"upperLeft":{"x":905,"y":218.62109375}},"dockers":[{"x":50,"y":40},{"x":50,"y":40}],"target":{"resourceId":"sid-8982715F-66F6-4651-80F1-2E5632A66696"}},{"resourceId":"sid-C86D9960-AF27-4110-89F2-539B5FFCD1E1","properties":{"overrideid":"","name":"","documentation":"","conditionsequenceflow":"","executionlisteners":"","defaultflow":"false","showdiamondmarker":false},"stencil":{"id":"SequenceFlow"},"childShapes":[],"outgoing":[{"resourceId":"sid-D5AB9CF9-4460-437C-971E-46EAFA457DF9"}],"bounds":{"lowerRight":{"x":854.15625,"y":385},"upperLeft":{"x":790.90625,"y":385}},"dockers":[{"x":50,"y":40},{"x":99,"y":40}],"target":{"resourceId":"sid-D5AB9CF9-4460-437C-971E-46EAFA457DF9"}},{"resourceId":"sid-D5AB9CF9-4460-437C-971E-46EAFA457DF9","properties":{"overrideid":"","name":"Verify Claim","documentation":"","asynchronousdefinition":"false","exclusivedefinition":"false","executionlisteners":"","multiinstance_type":"None","multiinstance_cardinality":"","multiinstance_collection":"","multiinstance_variable":"","multiinstance_condition":"","isforcompensation":"false","usertasksendemail":true,"usertaskassignment":"","formkeydefinition":"","formreference":{"id":796,"name":"Verify Claim","referenceId":742},"fieldstovariables":"","duedatedefinition":"","prioritydefinition":"","categorydefinition":"","formproperties":"","tasklisteners":"","emailtemplate":""},"stencil":{"id":"UserTask"},"childShapes":[],"outgoing":[{"resourceId":"sid-3AD5D5D6-44EC-4521-9F05-FA296867F966"}],"bounds":{"lowerRight":{"x":790,"y":425},"upperLeft":{"x":690,"y":345}},"dockers":[]},{"resourceId":"sid-716FDD76-8597-485A-9A30-BB64226459E4","properties":{"overrideid":"","name":"","documentation":"","executionlisteners":""},"stencil":{"id":"EndNoneEvent"},"childShapes":[],"outgoing":[],"bounds":{"lowerRight":{"x":628,"y":399},"upperLeft":{"x":600,"y":371}},"dockers":[]},{"resourceId":"sid-3AD5D5D6-44EC-4521-9F05-FA296867F966","properties":{"overrideid":"","name":"","documentation":"","conditionsequenceflow":"","executionlisteners":"","defaultflow":"false"},"stencil":{"id":"SequenceFlow"},"childShapes":[],"outgoing":[{"resourceId":"sid-716FDD76-8597-485A-9A30-BB64226459E4"}],"bounds":{"lowerRight":{"x":689.78125,"y":385},"upperLeft":{"x":628.78125,"y":385}},"dockers":[{"x":50,"y":40},{"x":14,"y":14}],"target":{"resourceId":"sid-716FDD76-8597-485A-9A30-BB64226459E4"}}],"bounds":{"lowerRight":{"x":1200,"y":1050},"upperLeft":{"x":0,"y":0}},"stencilset":{"url":"stencilsets/bpmn2.0/bpmn2.0.json","namespace":"http://b3mn.org/stencilset/bpmn2.0#"},"ssextensions":[]}