<?xml version='1.0' encoding='UTF-8'?>
<bpmn2:definitions xmlns="http://www.omg.org/spec/BPMN/20100524/MODEL" xmlns:bpmn2="http://www.omg.org/spec/BPMN/20100524/MODEL" xmlns:xsi="http://www.w3.org/2001/XMLSchema-instance" xmlns:xsd="http://www.w3.org/2001/XMLSchema" xmlns:activiti="http://activiti.org/bpmn" xmlns:bpmndi="http://www.omg.org/spec/BPMN/20100524/DI" xmlns:omgdc="http://www.omg.org/spec/DD/20100524/DC" xmlns:omgdi="http://www.omg.org/spec/DD/20100524/DI" typeLanguage="http://www.w3.org/2001/XMLSchema" expressionLanguage="http://www.w3.org/1999/XPath" targetNamespace="http://www.activiti.org/processdef" xmlns:modeler="http://activiti.com/modeler" modeler:version="1.0en" modeler:exportDateTime="20240819145234306" modeler:modelId="742" modeler:modelVersion="9" modeler:modelLastUpdated="1723634991572">
  <bpmn2:process id="u6NewClaim" name="u6 New Claim" isExecutable="true">
    <bpmn2:documentation>create a new claim</bpmn2:documentation>
    <extensionElements>
      <modeler:deleteallvariables xmlns:modeler="http://activiti.com/modeler" modeler:deleteallvariables="false"/>
      <modeler:executionvariables xmlns:modeler="http://activiti.com/modeler" modeler:variableName="cAddress" modeler:variableType="string" modeler:persist="true"/>
      <modeler:executionvariables xmlns:modeler="http://activiti.com/modeler" modeler:variableName="cCity" modeler:variableType="string" modeler:persist="true"/>
      <modeler:executionvariables xmlns:modeler="http://activiti.com/modeler" modeler:variableName="cFirstName" modeler:variableType="string" modeler:persist="true"/>
      <modeler:executionvariables xmlns:modeler="http://activiti.com/modeler" modeler:variableName="cLastName" modeler:variableType="string" modeler:persist="true"/>
      <modeler:executionvariables xmlns:modeler="http://activiti.com/modeler" modeler:variableName="cState" modeler:variableType="string" modeler:persist="true"/>
      <modeler:executionvariables xmlns:modeler="http://activiti.com/modeler" modeler:variableName="cZip" modeler:variableType="string" modeler:persist="true"/>
      <modeler:executionvariables xmlns:modeler="http://activiti.com/modeler" modeler:variableName="deductible" modeler:variableType="integer" modeler:persist="true"/>
      <modeler:executionvariables xmlns:modeler="http://activiti.com/modeler" modeler:variableName="lu_lastname" modeler:variableType="string" modeler:persist="true"/>
      <modeler:executionvariables xmlns:modeler="http://activiti.com/modeler" modeler:variableName="recordCount" modeler:variableType="integer" modeler:persist="true"/>
      <modeler:executionvariables xmlns:modeler="http://activiti.com/modeler" modeler:variableName="recordList" modeler:variableType="string" modeler:persist="true"/>
    </extensionElements>
    <bpmn2:startEvent id="startEvent1">
      <extensionElements>
        <modeler:editor-resource-id><![CDATA[startEvent1]]></modeler:editor-resource-id>
      </extensionElements>
      <bpmn2:outgoing>sid-8765ECD9-CF87-47BB-8C5C-CA27CF0BA99A</bpmn2:outgoing>
    </bpmn2:startEvent>
    <bpmn2:userTask id="sid-5F93738E-8432-4AB5-AABA-BCE666CB3070" name="Customer Search" activiti:assignee="$INITIATOR" activiti:formKey="756">
      <extensionElements>
        <modeler:allow-send-email><![CDATA[true]]></modeler:allow-send-email>
        <modeler:form-reference-id><![CDATA[756]]></modeler:form-reference-id>
        <modeler:form-reference-name><![CDATA[Customer Lookup]]></modeler:form-reference-name>
        <modeler:activiti-idm-initiator><![CDATA[true]]></modeler:activiti-idm-initiator>
        <modeler:editor-resource-id><![CDATA[sid-5F93738E-8432-4AB5-AABA-BCE666CB3070]]></modeler:editor-resource-id>
      </extensionElements>
      <bpmn2:incoming>sid-8765ECD9-CF87-47BB-8C5C-CA27CF0BA99A</bpmn2:incoming>
      <bpmn2:incoming>sid-3EC8DD38-0E77-43E3-8F46-AF8D0BEA4026</bpmn2:incoming>
      <bpmn2:outgoing>sid-BC6A8500-C534-46E8-922A-A4E60787DBFA</bpmn2:outgoing>
    </bpmn2:userTask>
    <bpmn2:sequenceFlow id="sid-8765ECD9-CF87-47BB-8C5C-CA27CF0BA99A" sourceRef="startEvent1" targetRef="sid-5F93738E-8432-4AB5-AABA-BCE666CB3070">
      <extensionElements>
        <modeler:editor-resource-id><![CDATA[sid-8765ECD9-CF87-47BB-8C5C-CA27CF0BA99A]]></modeler:editor-resource-id>
      </extensionElements>
    </bpmn2:sequenceFlow>
    <bpmn2:scriptTask id="sid-8D566083-E687-4E7D-9F57-C365DAAB6B6E" name="Get DB Values" scriptFormat="groovy" activiti:autoStoreVariables="false">
      <extensionElements>
        <modeler:editor-resource-id><![CDATA[sid-8D566083-E687-4E7D-9F57-C365DAAB6B6E]]></modeler:editor-resource-id>
      </extensionElements>
      <bpmn2:incoming>sid-BC6A8500-C534-46E8-922A-A4E60787DBFA</bpmn2:incoming>
      <bpmn2:outgoing>sid-AF74D213-0C48-4FBA-BB09-200128F69B21</bpmn2:outgoing>
      <script><![CDATA[import groovy.sql.Sql;
import groovy.json.*;
import groovy.json.JsonBuilder;
import com.activiti.security.SecurityUtils;

class Record {
    String recId
    String firstname
    String lastname
    String address
    String city
    String state
    String zip
}

def ln = execution.getVariable("lookup_lastname");
execution.setVariable("lu_lastname", ln);

def url = 'jdbc:oracle:thin:@//aps-custom-oracle-db.cp58lgpzkwpy.us-east-1.rds.amazonaws.com/ORCL';
def user = 'admin';
def password = 'administrator';
def driver = 'oracle.jdbc.driver.OracleDriver';
def sql = Sql.newInstance(url, user, password, driver);

rowNum = 0;
def recordList = [];

sql.eachRow("SELECT ID, FIRSTNAME, LASTNAME, ADDRESSLINE1, CITY, STATE, ZIPCODE FROM CUSTOMERS WHERE LASTNAME = ${lu_lastname}") { row ->
   
    def r = new Record( recId: row.id, firstname:row.firstname, lastname:row.lastname, address:row.addressLine1, city:row.city, state:row.state, zip:row.zipcode)
    execution.setVariable("cFirstName", row.firstname);
    execution.setVariable("cLastName", row.lastname);
    execution.setVariable("cAddress", row.addressLine1);
    execution.setVariable("cCity", row.city);
    execution.setVariable("cState", row.state);
    execution.setVariable("cZip", row.zipcode);
    recordList.add(r);
  
}
execution.setVariable("recordCount", recordList.size);
  println new JsonBuilder( recordList ).toPrettyString();
  execution.setVariable("recordList", new JsonBuilder( recordList ).toPrettyString());
]]></script>
    </bpmn2:scriptTask>
    <bpmn2:sequenceFlow id="sid-BC6A8500-C534-46E8-922A-A4E60787DBFA" sourceRef="sid-5F93738E-8432-4AB5-AABA-BCE666CB3070" targetRef="sid-8D566083-E687-4E7D-9F57-C365DAAB6B6E">
      <extensionElements>
        <modeler:editor-resource-id><![CDATA[sid-BC6A8500-C534-46E8-922A-A4E60787DBFA]]></modeler:editor-resource-id>
      </extensionElements>
    </bpmn2:sequenceFlow>
    <bpmn2:userTask id="sid-CDCABB26-A487-4FB8-B495-A0E2A6787B73" name="Display DB Values" activiti:assignee="$INITIATOR" activiti:formKey="767">
      <extensionElements>
        <modeler:allow-send-email><![CDATA[true]]></modeler:allow-send-email>
        <modeler:form-reference-id><![CDATA[767]]></modeler:form-reference-id>
        <modeler:form-reference-name><![CDATA[Display DB Values]]></modeler:form-reference-name>
        <modeler:activiti-idm-initiator><![CDATA[true]]></modeler:activiti-idm-initiator>
        <modeler:editor-resource-id><![CDATA[sid-CDCABB26-A487-4FB8-B495-A0E2A6787B73]]></modeler:editor-resource-id>
      </extensionElements>
      <bpmn2:incoming>sid-AF74D213-0C48-4FBA-BB09-200128F69B21</bpmn2:incoming>
      <bpmn2:outgoing>sid-7322A8B6-0C6F-4B55-B4D6-26243E241EE6</bpmn2:outgoing>
    </bpmn2:userTask>
    <bpmn2:sequenceFlow id="sid-AF74D213-0C48-4FBA-BB09-200128F69B21" sourceRef="sid-8D566083-E687-4E7D-9F57-C365DAAB6B6E" targetRef="sid-CDCABB26-A487-4FB8-B495-A0E2A6787B73">
      <extensionElements>
        <modeler:editor-resource-id><![CDATA[sid-AF74D213-0C48-4FBA-BB09-200128F69B21]]></modeler:editor-resource-id>
      </extensionElements>
    </bpmn2:sequenceFlow>
    <bpmn2:sequenceFlow id="sid-7322A8B6-0C6F-4B55-B4D6-26243E241EE6" sourceRef="sid-CDCABB26-A487-4FB8-B495-A0E2A6787B73" targetRef="sid-CDEFCF4D-E12A-459B-BF1A-0CF0DBA27779">
      <extensionElements>
        <modeler:editor-resource-id><![CDATA[sid-7322A8B6-0C6F-4B55-B4D6-26243E241EE6]]></modeler:editor-resource-id>
      </extensionElements>
    </bpmn2:sequenceFlow>
    <bpmn2:exclusiveGateway id="sid-CDEFCF4D-E12A-459B-BF1A-0CF0DBA27779" default="sid-C7FC2445-47B5-459A-8AB6-6F3F2010A50C">
      <extensionElements>
        <modeler:editor-resource-id><![CDATA[sid-CDEFCF4D-E12A-459B-BF1A-0CF0DBA27779]]></modeler:editor-resource-id>
      </extensionElements>
      <bpmn2:incoming>sid-7322A8B6-0C6F-4B55-B4D6-26243E241EE6</bpmn2:incoming>
      <bpmn2:outgoing>sid-3EC8DD38-0E77-43E3-8F46-AF8D0BEA4026</bpmn2:outgoing>
      <bpmn2:outgoing>sid-C7FC2445-47B5-459A-8AB6-6F3F2010A50C</bpmn2:outgoing>
    </bpmn2:exclusiveGateway>
    <bpmn2:sequenceFlow id="sid-3EC8DD38-0E77-43E3-8F46-AF8D0BEA4026" name="back" sourceRef="sid-CDEFCF4D-E12A-459B-BF1A-0CF0DBA27779" targetRef="sid-5F93738E-8432-4AB5-AABA-BCE666CB3070">
      <extensionElements>
        <modeler:conditionDefinition modeler:index="0" modeler:leftFormFieldType="boolean" modeler:outcomeFormId="767" modeler:outcomeFormName="Display DB Values" modeler:rightOutcomeName="Back" modeler:operator="=="/>
        <modeler:editor-resource-id><![CDATA[sid-3EC8DD38-0E77-43E3-8F46-AF8D0BEA4026]]></modeler:editor-resource-id>
      </extensionElements>
      <conditionExpression xsi:type="tFormalExpression"><![CDATA[${(activiti_flowConditionsBean.exists(execution, 'form767outcome') && form767outcome == 'Back')}]]></conditionExpression>
    </bpmn2:sequenceFlow>
    <bpmn2:userTask id="sid-797FD565-1C7E-484F-B26A-2E8761D21524" name="Create Claim" activiti:assignee="$INITIATOR" activiti:formKey="773">
      <extensionElements>
        <modeler:allow-send-email><![CDATA[true]]></modeler:allow-send-email>
        <modeler:form-reference-id><![CDATA[773]]></modeler:form-reference-id>
        <modeler:form-reference-name><![CDATA[New Claim]]></modeler:form-reference-name>
        <modeler:activiti-idm-initiator><![CDATA[true]]></modeler:activiti-idm-initiator>
        <modeler:editor-resource-id><![CDATA[sid-797FD565-1C7E-484F-B26A-2E8761D21524]]></modeler:editor-resource-id>
      </extensionElements>
      <bpmn2:incoming>sid-C7FC2445-47B5-459A-8AB6-6F3F2010A50C</bpmn2:incoming>
      <bpmn2:outgoing>sid-30B8437F-CFCD-45F9-8312-DF01C8E5C477</bpmn2:outgoing>
    </bpmn2:userTask>
    <bpmn2:sequenceFlow id="sid-C7FC2445-47B5-459A-8AB6-6F3F2010A50C" name="proceed" sourceRef="sid-CDEFCF4D-E12A-459B-BF1A-0CF0DBA27779" targetRef="sid-797FD565-1C7E-484F-B26A-2E8761D21524">
      <extensionElements>
        <modeler:editor-resource-id><![CDATA[sid-C7FC2445-47B5-459A-8AB6-6F3F2010A50C]]></modeler:editor-resource-id>
      </extensionElements>
    </bpmn2:sequenceFlow>
    <bpmn2:sequenceFlow id="sid-30B8437F-CFCD-45F9-8312-DF01C8E5C477" sourceRef="sid-797FD565-1C7E-484F-B26A-2E8761D21524" targetRef="sid-A1A6AAAA-737B-4E85-BE27-CDE57BABAD29">
      <extensionElements>
        <modeler:editor-resource-id><![CDATA[sid-30B8437F-CFCD-45F9-8312-DF01C8E5C477]]></modeler:editor-resource-id>
      </extensionElements>
    </bpmn2:sequenceFlow>
    <bpmn2:scriptTask id="sid-A1A6AAAA-737B-4E85-BE27-CDE57BABAD29" name="set deductible" scriptFormat="groovy" activiti:autoStoreVariables="false">
      <extensionElements>
        <modeler:editor-resource-id><![CDATA[sid-A1A6AAAA-737B-4E85-BE27-CDE57BABAD29]]></modeler:editor-resource-id>
      </extensionElements>
      <bpmn2:incoming>sid-30B8437F-CFCD-45F9-8312-DF01C8E5C477</bpmn2:incoming>
      <bpmn2:outgoing>sid-BE5789E7-CCCD-47F3-BA51-99C3E44091B5</bpmn2:outgoing>
      <script><![CDATA[execution.setVariable("deductible", 200);]]></script>
    </bpmn2:scriptTask>
    <bpmn2:serviceTask id="sid-8982715F-66F6-4651-80F1-2E5632A66696" name="Configure Deductible" activiti:delegateExpression="${activiti_executeDecisionDelegate}">
      <extensionElements>
        <activiti:field name="decisionTableReferenceKey">
          <activiti:string><![CDATA[u6ConfigureDeductible]]></activiti:string>
        </activiti:field>
        <modeler:decisiontable-reference modeler:decisiontablereferenceid="785" modeler:decisiontablereferencename="u6 Configure Deductible"/>
        <modeler:editor-resource-id><![CDATA[sid-8982715F-66F6-4651-80F1-2E5632A66696]]></modeler:editor-resource-id>
      </extensionElements>
      <bpmn2:incoming>sid-BE5789E7-CCCD-47F3-BA51-99C3E44091B5</bpmn2:incoming>
      <bpmn2:outgoing>sid-C86D9960-AF27-4110-89F2-539B5FFCD1E1</bpmn2:outgoing>
    </bpmn2:serviceTask>
    <bpmn2:sequenceFlow id="sid-BE5789E7-CCCD-47F3-BA51-99C3E44091B5" sourceRef="sid-A1A6AAAA-737B-4E85-BE27-CDE57BABAD29" targetRef="sid-8982715F-66F6-4651-80F1-2E5632A66696">
      <extensionElements>
        <modeler:editor-resource-id><![CDATA[sid-BE5789E7-CCCD-47F3-BA51-99C3E44091B5]]></modeler:editor-resource-id>
      </extensionElements>
    </bpmn2:sequenceFlow>
    <bpmn2:sequenceFlow id="sid-C86D9960-AF27-4110-89F2-539B5FFCD1E1" sourceRef="sid-8982715F-66F6-4651-80F1-2E5632A66696" targetRef="sid-D5AB9CF9-4460-437C-971E-46EAFA457DF9">
      <extensionElements>
        <modeler:editor-resource-id><![CDATA[sid-C86D9960-AF27-4110-89F2-539B5FFCD1E1]]></modeler:editor-resource-id>
      </extensionElements>
    </bpmn2:sequenceFlow>
    <bpmn2:userTask id="sid-D5AB9CF9-4460-437C-971E-46EAFA457DF9" name="Verify Claim" activiti:assignee="$INITIATOR" activiti:formKey="796">
      <extensionElements>
        <modeler:allow-send-email><![CDATA[true]]></modeler:allow-send-email>
        <modeler:form-reference-id><![CDATA[796]]></modeler:form-reference-id>
        <modeler:form-reference-name><![CDATA[Verify Claim]]></modeler:form-reference-name>
        <modeler:activiti-idm-initiator><![CDATA[true]]></modeler:activiti-idm-initiator>
        <modeler:editor-resource-id><![CDATA[sid-D5AB9CF9-4460-437C-971E-46EAFA457DF9]]></modeler:editor-resource-id>
      </extensionElements>
      <bpmn2:incoming>sid-C86D9960-AF27-4110-89F2-539B5FFCD1E1</bpmn2:incoming>
      <bpmn2:outgoing>sid-3AD5D5D6-44EC-4521-9F05-FA296867F966</bpmn2:outgoing>
    </bpmn2:userTask>
    <bpmn2:endEvent id="sid-716FDD76-8597-485A-9A30-BB64226459E4">
      <extensionElements>
        <modeler:editor-resource-id><![CDATA[sid-716FDD76-8597-485A-9A30-BB64226459E4]]></modeler:editor-resource-id>
      </extensionElements>
      <bpmn2:incoming>sid-3AD5D5D6-44EC-4521-9F05-FA296867F966</bpmn2:incoming>
    </bpmn2:endEvent>
    <bpmn2:sequenceFlow id="sid-3AD5D5D6-44EC-4521-9F05-FA296867F966" sourceRef="sid-D5AB9CF9-4460-437C-971E-46EAFA457DF9" targetRef="sid-716FDD76-8597-485A-9A30-BB64226459E4">
      <extensionElements>
        <modeler:editor-resource-id><![CDATA[sid-3AD5D5D6-44EC-4521-9F05-FA296867F966]]></modeler:editor-resource-id>
      </extensionElements>
    </bpmn2:sequenceFlow>
  </bpmn2:process>
  <bpmndi:BPMNDiagram id="BPMNDiagram_u6NewClaim">
    <bpmndi:BPMNPlane bpmnElement="u6NewClaim" id="BPMNPlane_u6NewClaim">
      <bpmndi:BPMNShape bpmnElement="startEvent1" id="BPMNShape_startEvent1">
        <omgdc:Bounds height="30.0" width="30.0" x="100.0" y="163.0"/>
      </bpmndi:BPMNShape>
      <bpmndi:BPMNShape bpmnElement="sid-5F93738E-8432-4AB5-AABA-BCE666CB3070" id="BPMNShape_sid-5F93738E-8432-4AB5-AABA-BCE666CB3070">
        <omgdc:Bounds height="80.0" width="100.0" x="195.0" y="138.0"/>
      </bpmndi:BPMNShape>
      <bpmndi:BPMNShape bpmnElement="sid-8D566083-E687-4E7D-9F57-C365DAAB6B6E" id="BPMNShape_sid-8D566083-E687-4E7D-9F57-C365DAAB6B6E">
        <omgdc:Bounds height="80.0" width="100.0" x="359.25" y="138.0"/>
      </bpmndi:BPMNShape>
      <bpmndi:BPMNShape bpmnElement="sid-CDCABB26-A487-4FB8-B495-A0E2A6787B73" id="BPMNShape_sid-CDCABB26-A487-4FB8-B495-A0E2A6787B73">
        <omgdc:Bounds height="80.0" width="100.0" x="525.0" y="138.0"/>
      </bpmndi:BPMNShape>
      <bpmndi:BPMNShape bpmnElement="sid-CDEFCF4D-E12A-459B-BF1A-0CF0DBA27779" id="BPMNShape_sid-CDEFCF4D-E12A-459B-BF1A-0CF0DBA27779">
        <omgdc:Bounds height="40.0" width="40.0" x="555.0" y="267.0"/>
      </bpmndi:BPMNShape>
      <bpmndi:BPMNShape bpmnElement="sid-797FD565-1C7E-484F-B26A-2E8761D21524" id="BPMNShape_sid-797FD565-1C7E-484F-B26A-2E8761D21524">
        <omgdc:Bounds height="80.0" width="100.0" x="690.0" y="138.0"/>
      </bpmndi:BPMNShape>
      <bpmndi:BPMNShape bpmnElement="sid-A1A6AAAA-737B-4E85-BE27-CDE57BABAD29" id="BPMNShape_sid-A1A6AAAA-737B-4E85-BE27-CDE57BABAD29">
        <omgdc:Bounds height="80.0" width="100.0" x="855.0" y="138.0"/>
      </bpmndi:BPMNShape>
      <bpmndi:BPMNShape bpmnElement="sid-8982715F-66F6-4651-80F1-2E5632A66696" id="BPMNShape_sid-8982715F-66F6-4651-80F1-2E5632A66696">
        <omgdc:Bounds height="80.0" width="100.0" x="855.0" y="345.0"/>
      </bpmndi:BPMNShape>
      <bpmndi:BPMNShape bpmnElement="sid-D5AB9CF9-4460-437C-971E-46EAFA457DF9" id="BPMNShape_sid-D5AB9CF9-4460-437C-971E-46EAFA457DF9">
        <omgdc:Bounds height="80.0" width="100.0" x="690.0" y="345.0"/>
      </bpmndi:BPMNShape>
      <bpmndi:BPMNShape bpmnElement="sid-716FDD76-8597-485A-9A30-BB64226459E4" id="BPMNShape_sid-716FDD76-8597-485A-9A30-BB64226459E4">
        <omgdc:Bounds height="28.0" width="28.0" x="600.0" y="371.0"/>
      </bpmndi:BPMNShape>
      <bpmndi:BPMNEdge bpmnElement="sid-3EC8DD38-0E77-43E3-8F46-AF8D0BEA4026" id="BPMNEdge_sid-3EC8DD38-0E77-43E3-8F46-AF8D0BEA4026">
        <omgdi:waypoint x="555.5" y="287.5"/>
        <omgdi:waypoint x="245.0" y="287.5"/>
        <omgdi:waypoint x="245.0" y="218.0"/>
      </bpmndi:BPMNEdge>
      <bpmndi:BPMNEdge bpmnElement="sid-C7FC2445-47B5-459A-8AB6-6F3F2010A50C" id="BPMNEdge_sid-C7FC2445-47B5-459A-8AB6-6F3F2010A50C">
        <omgdi:waypoint x="594.5" y="287.5"/>
        <omgdi:waypoint x="740.0" y="287.5"/>
        <omgdi:waypoint x="740.0" y="218.0"/>
      </bpmndi:BPMNEdge>
      <bpmndi:BPMNEdge bpmnElement="sid-BE5789E7-CCCD-47F3-BA51-99C3E44091B5" id="BPMNEdge_sid-BE5789E7-CCCD-47F3-BA51-99C3E44091B5">
        <omgdi:waypoint x="905.0" y="218.0"/>
        <omgdi:waypoint x="905.0" y="345.0"/>
      </bpmndi:BPMNEdge>
      <bpmndi:BPMNEdge bpmnElement="sid-30B8437F-CFCD-45F9-8312-DF01C8E5C477" id="BPMNEdge_sid-30B8437F-CFCD-45F9-8312-DF01C8E5C477">
        <omgdi:waypoint x="790.0" y="178.0"/>
        <omgdi:waypoint x="855.0" y="178.0"/>
      </bpmndi:BPMNEdge>
      <bpmndi:BPMNEdge bpmnElement="sid-8765ECD9-CF87-47BB-8C5C-CA27CF0BA99A" id="BPMNEdge_sid-8765ECD9-CF87-47BB-8C5C-CA27CF0BA99A">
        <omgdi:waypoint x="130.0" y="178.0"/>
        <omgdi:waypoint x="195.0" y="178.0"/>
      </bpmndi:BPMNEdge>
      <bpmndi:BPMNEdge bpmnElement="sid-AF74D213-0C48-4FBA-BB09-200128F69B21" id="BPMNEdge_sid-AF74D213-0C48-4FBA-BB09-200128F69B21">
        <omgdi:waypoint x="459.25" y="178.0"/>
        <omgdi:waypoint x="525.0" y="178.0"/>
      </bpmndi:BPMNEdge>
      <bpmndi:BPMNEdge bpmnElement="sid-BC6A8500-C534-46E8-922A-A4E60787DBFA" id="BPMNEdge_sid-BC6A8500-C534-46E8-922A-A4E60787DBFA">
        <omgdi:waypoint x="295.0" y="178.0"/>
        <omgdi:waypoint x="359.25" y="178.0"/>
      </bpmndi:BPMNEdge>
      <bpmndi:BPMNEdge bpmnElement="sid-C86D9960-AF27-4110-89F2-539B5FFCD1E1" id="BPMNEdge_sid-C86D9960-AF27-4110-89F2-539B5FFCD1E1">
        <omgdi:waypoint x="855.0" y="385.0"/>
        <omgdi:waypoint x="790.0" y="385.0"/>
      </bpmndi:BPMNEdge>
      <bpmndi:BPMNEdge bpmnElement="sid-3AD5D5D6-44EC-4521-9F05-FA296867F966" id="BPMNEdge_sid-3AD5D5D6-44EC-4521-9F05-FA296867F966">
        <omgdi:waypoint x="690.0" y="385.0"/>
        <omgdi:waypoint x="628.0" y="385.0"/>
      </bpmndi:BPMNEdge>
      <bpmndi:BPMNEdge bpmnElement="sid-7322A8B6-0C6F-4B55-B4D6-26243E241EE6" id="BPMNEdge_sid-7322A8B6-0C6F-4B55-B4D6-26243E241EE6">
        <omgdi:waypoint x="575.1826484018264" y="218.0"/>
        <omgdi:waypoint x="575.4082568807339" y="267.408256880734"/>
      </bpmndi:BPMNEdge>
    </bpmndi:BPMNPlane>
  </bpmndi:BPMNDiagram>
</bpmn2:definitions>