<?xml version='1.0' encoding='UTF-8'?>
<bpmn2:definitions xmlns="http://www.omg.org/spec/BPMN/20100524/MODEL" xmlns:bpmn2="http://www.omg.org/spec/BPMN/20100524/MODEL" xmlns:xsi="http://www.w3.org/2001/XMLSchema-instance" xmlns:xsd="http://www.w3.org/2001/XMLSchema" xmlns:activiti="http://activiti.org/bpmn" xmlns:bpmndi="http://www.omg.org/spec/BPMN/20100524/DI" xmlns:omgdc="http://www.omg.org/spec/DD/20100524/DC" xmlns:omgdi="http://www.omg.org/spec/DD/20100524/DI" typeLanguage="http://www.w3.org/2001/XMLSchema" expressionLanguage="http://www.w3.org/1999/XPath" targetNamespace="http://www.activiti.org/processdef" xmlns:modeler="http://activiti.com/modeler" modeler:version="1.0en" modeler:exportDateTime="20240819145234400" modeler:modelId="603" modeler:modelVersion="28" modeler:modelLastUpdated="1723634991590">
  <bpmn2:process id="U6NewCustomerOnboarding" name="U6 New Customer Onboarding" isExecutable="true">
    <bpmn2:documentation>Add a new customer.</bpmn2:documentation>
    <extensionElements>
      <modeler:deleteallvariables xmlns:modeler="http://activiti.com/modeler" modeler:deleteallvariables="false"/>
      <modeler:executionvariables xmlns:modeler="http://activiti.com/modeler" modeler:variableName="newCustomerData.address" modeler:variableType="string" modeler:persist="false"/>
      <modeler:executionvariables xmlns:modeler="http://activiti.com/modeler" modeler:variableName="newCustomerData.city" modeler:variableType="string" modeler:persist="false"/>
      <modeler:executionvariables xmlns:modeler="http://activiti.com/modeler" modeler:variableName="newCustomerData.firstname" modeler:variableType="string" modeler:persist="false"/>
      <modeler:executionvariables xmlns:modeler="http://activiti.com/modeler" modeler:variableName="newCustomerData.lastname" modeler:variableType="string" modeler:persist="false"/>
      <modeler:executionvariables xmlns:modeler="http://activiti.com/modeler" modeler:variableName="newCustomerData.state" modeler:variableType="string" modeler:persist="false"/>
      <modeler:executionvariables xmlns:modeler="http://activiti.com/modeler" modeler:variableName="newCustomerData.zipCode" modeler:variableType="string" modeler:persist="false"/>
      <modeler:executionvariables xmlns:modeler="http://activiti.com/modeler" modeler:variableName="newCustomerId" modeler:variableType="string" modeler:persist="true"/>
      <modeler:executionvariables xmlns:modeler="http://activiti.com/modeler" modeler:variableName="stateVerify" modeler:variableType="string" modeler:persist="true"/>
    </extensionElements>
    <bpmn2:startEvent id="startEvent1">
      <extensionElements>
        <modeler:editor-resource-id><![CDATA[startEvent1]]></modeler:editor-resource-id>
      </extensionElements>
      <bpmn2:outgoing>sid-58657378-C288-4766-9C6E-319D79603FF7</bpmn2:outgoing>
    </bpmn2:startEvent>
    <bpmn2:scriptTask id="sid-052FB095-1283-4A74-9D0B-3CE66818B010" name="Set Customer ID" scriptFormat="groovy" activiti:autoStoreVariables="false">
      <extensionElements>
        <modeler:editor-resource-id><![CDATA[sid-052FB095-1283-4A74-9D0B-3CE66818B010]]></modeler:editor-resource-id>
      </extensionElements>
      <bpmn2:incoming>sid-58657378-C288-4766-9C6E-319D79603FF7</bpmn2:incoming>
      <bpmn2:outgoing>sid-7DEC16D2-33DF-4A5C-AD4F-36D66C9159E6</bpmn2:outgoing>
      <script><![CDATA[execution.setVariable('newCustomerId', execution.getProcessInstanceId());]]></script>
    </bpmn2:scriptTask>
    <bpmn2:sequenceFlow id="sid-58657378-C288-4766-9C6E-319D79603FF7" sourceRef="startEvent1" targetRef="sid-052FB095-1283-4A74-9D0B-3CE66818B010">
      <extensionElements>
        <modeler:editor-resource-id><![CDATA[sid-58657378-C288-4766-9C6E-319D79603FF7]]></modeler:editor-resource-id>
      </extensionElements>
    </bpmn2:sequenceFlow>
    <bpmn2:userTask id="sid-F55252ED-9B41-40F7-AC06-954EB74BB3DD" name="Gather Customer Data" activiti:assignee="$INITIATOR" activiti:formKey="620">
      <extensionElements>
        <modeler:allow-send-email><![CDATA[true]]></modeler:allow-send-email>
        <modeler:form-reference-id><![CDATA[620]]></modeler:form-reference-id>
        <modeler:form-reference-name><![CDATA[Add New Customer Data]]></modeler:form-reference-name>
        <modeler:activiti-idm-initiator><![CDATA[true]]></modeler:activiti-idm-initiator>
        <modeler:editor-resource-id><![CDATA[sid-F55252ED-9B41-40F7-AC06-954EB74BB3DD]]></modeler:editor-resource-id>
      </extensionElements>
      <bpmn2:incoming>sid-7DEC16D2-33DF-4A5C-AD4F-36D66C9159E6</bpmn2:incoming>
      <bpmn2:outgoing>sid-226F02D3-2E6C-4A6A-8D99-6C874A063AB3</bpmn2:outgoing>
    </bpmn2:userTask>
    <bpmn2:sequenceFlow id="sid-7DEC16D2-33DF-4A5C-AD4F-36D66C9159E6" sourceRef="sid-052FB095-1283-4A74-9D0B-3CE66818B010" targetRef="sid-F55252ED-9B41-40F7-AC06-954EB74BB3DD">
      <extensionElements>
        <modeler:editor-resource-id><![CDATA[sid-7DEC16D2-33DF-4A5C-AD4F-36D66C9159E6]]></modeler:editor-resource-id>
      </extensionElements>
    </bpmn2:sequenceFlow>
    <bpmn2:serviceTask id="sid-29D664B1-F67B-476D-994F-2F946751D9B2" name="Create NC Doc" activiti:async="true" activiti:delegateExpression="${activiti_generateDocumentDelegate}">
      <extensionElements>
        <activiti:field name="outputFormat">
          <activiti:string><![CDATA[pdf]]></activiti:string>
        </activiti:field>
        <activiti:field name="templateId">
          <activiti:string><![CDATA[159]]></activiti:string>
        </activiti:field>
        <activiti:field name="templateName">
          <activiti:string><![CDATA[9si_newCustomer.docx]]></activiti:string>
        </activiti:field>
        <activiti:field name="fileName">
          <activiti:expression><![CDATA[Customer_${newCustomerId}]]></activiti:expression>
        </activiti:field>
        <activiti:field name="variableName">
          <activiti:string><![CDATA[ncDoc]]></activiti:string>
        </activiti:field>
        <modeler:executionvariables modeler:variableName="ncDoc" modeler:variableType="document"/>
        <modeler:editor-resource-id><![CDATA[sid-29D664B1-F67B-476D-994F-2F946751D9B2]]></modeler:editor-resource-id>
      </extensionElements>
      <bpmn2:incoming>sid-BD52EA82-56F2-4AB8-862C-DA733F9C9BCB</bpmn2:incoming>
      <bpmn2:incoming>sid-FA19D64B-15EF-4B62-9155-6F9A7F99C6EB</bpmn2:incoming>
      <bpmn2:outgoing>sid-F16EBD93-90B9-40D6-80AF-DB0CB48D87B5</bpmn2:outgoing>
    </bpmn2:serviceTask>
    <bpmn2:serviceTask id="sid-5CF4AF3A-09D4-4FFB-9387-FFA1D26E3F87" name="Save NC Doc" activiti:async="true" activiti:class="com.activiti.runtime.activiti.bean.AlfrescoPublishActivityBehavior">
      <extensionElements>
        <activiti:field name="contentSource">
          <activiti:string><![CDATA[process]]></activiti:string>
        </activiti:field>
        <activiti:field name="documentType">
          <activiti:string><![CDATA[cmis:document]]></activiti:string>
        </activiti:field>
        <activiti:field name="documentAspects">
          <activiti:string><![CDATA[[{"aspectName":"cm:titled"}]]]></activiti:string>
        </activiti:field>
        <activiti:field name="account">
          <activiti:string><![CDATA[alfresco-1-alfresco1]]></activiti:string>
        </activiti:field>
        <activiti:field name="site">
          <activiti:string><![CDATA[9-Second-Insurance]]></activiti:string>
        </activiti:field>
        <activiti:field name="publishAsType">
          <activiti:string><![CDATA[process_initiator]]></activiti:string>
        </activiti:field>
        <activiti:field name="path">
          <activiti:string><![CDATA[78be2281-5f06-4f77-8e1a-eb3c6ad8b519]]></activiti:string>
        </activiti:field>
        <activiti:field name="createFolder">
          <activiti:expression><![CDATA[${newCustomerLastName}]]></activiti:expression>
        </activiti:field>
        <modeler:publish-task-type><![CDATA[alfresco]]></modeler:publish-task-type>
        <modeler:site_title><![CDATA[9 Second Insurance]]></modeler:site_title>
        <modeler:path_title><![CDATA[documentLibrary]]></modeler:path_title>
        <modeler:editor-resource-id><![CDATA[sid-5CF4AF3A-09D4-4FFB-9387-FFA1D26E3F87]]></modeler:editor-resource-id>
      </extensionElements>
      <bpmn2:incoming>sid-F16EBD93-90B9-40D6-80AF-DB0CB48D87B5</bpmn2:incoming>
      <bpmn2:outgoing>sid-725F3FBA-B944-469D-850C-8794C421171D</bpmn2:outgoing>
    </bpmn2:serviceTask>
    <bpmn2:sequenceFlow id="sid-F16EBD93-90B9-40D6-80AF-DB0CB48D87B5" sourceRef="sid-29D664B1-F67B-476D-994F-2F946751D9B2" targetRef="sid-5CF4AF3A-09D4-4FFB-9387-FFA1D26E3F87">
      <extensionElements>
        <modeler:editor-resource-id><![CDATA[sid-F16EBD93-90B9-40D6-80AF-DB0CB48D87B5]]></modeler:editor-resource-id>
      </extensionElements>
    </bpmn2:sequenceFlow>
    <bpmn2:serviceTask id="sid-FC02534C-D406-468E-9ECF-75DF86A42C7E" name="Save CD to DB" activiti:delegateExpression="${activiti_storeEntityDelegate}">
      <extensionElements>
        <activiti:field name="publishAsType">
          <activiti:string><![CDATA[process_initiator]]></activiti:string>
        </activiti:field>
        <modeler:entity-attribute-mapping modeler:mappedDataModel="647" modeler:mappedEntity="newCustomers" modeler:newVariableName="newCustomerData">
          <modeler:attribute-element-mapping modeler:attribute-name="id" modeler:variable-id="newCustomerId" modeler:variable-name="newCustomerId" modeler:variable-type="string"/>
          <modeler:attribute-element-mapping modeler:attribute-name="firstname" modeler:form-field-id="newCustomerFirstName" modeler:form-field-name="First Name:" modeler:form-field-type="text" modeler:field-value-path=""/>
          <modeler:attribute-element-mapping modeler:attribute-name="lastname" modeler:form-field-id="newCustomerLastName" modeler:form-field-name="Last Name:" modeler:form-field-type="text" modeler:field-value-path=""/>
          <modeler:attribute-element-mapping modeler:attribute-name="address" modeler:form-field-id="newCustomerAddress" modeler:form-field-name="Address:" modeler:form-field-type="text" modeler:field-value-path=""/>
          <modeler:attribute-element-mapping modeler:attribute-name="city" modeler:form-field-id="newCustomerCity" modeler:form-field-name="City:" modeler:form-field-type="text" modeler:field-value-path=""/>
          <modeler:attribute-element-mapping modeler:attribute-name="state" modeler:form-field-id="newCustomerState" modeler:form-field-name="State: - id" modeler:form-field-type="dropdown" modeler:field-value-path=""/>
          <modeler:attribute-element-mapping modeler:attribute-name="zipCode" modeler:form-field-id="newCustomerZipCode" modeler:form-field-name="Zip Code:" modeler:form-field-type="text" modeler:field-value-path=""/>
        </modeler:entity-attribute-mapping>
        <modeler:editor-resource-id><![CDATA[sid-FC02534C-D406-468E-9ECF-75DF86A42C7E]]></modeler:editor-resource-id>
      </extensionElements>
      <bpmn2:incoming>sid-226F02D3-2E6C-4A6A-8D99-6C874A063AB3</bpmn2:incoming>
      <bpmn2:outgoing>sid-63344CE3-80E4-49B8-8281-A2A605E9D554</bpmn2:outgoing>
    </bpmn2:serviceTask>
    <bpmn2:serviceTask id="sid-CFD16C49-0E26-4A7C-BAD9-DC9DA8DBC8B3" name="KYC Delegate" activiti:class="com.activiti.extension.bean.KYCJavaDelegate">
      <extensionElements>
        <modeler:editor-resource-id><![CDATA[sid-CFD16C49-0E26-4A7C-BAD9-DC9DA8DBC8B3]]></modeler:editor-resource-id>
      </extensionElements>
      <bpmn2:incoming>sid-63344CE3-80E4-49B8-8281-A2A605E9D554</bpmn2:incoming>
      <bpmn2:outgoing>sid-11328FAF-5A43-4D7D-B7F8-A13112BC4EB0</bpmn2:outgoing>
    </bpmn2:serviceTask>
    <bpmn2:sequenceFlow id="sid-63344CE3-80E4-49B8-8281-A2A605E9D554" sourceRef="sid-FC02534C-D406-468E-9ECF-75DF86A42C7E" targetRef="sid-CFD16C49-0E26-4A7C-BAD9-DC9DA8DBC8B3">
      <extensionElements>
        <modeler:editor-resource-id><![CDATA[sid-63344CE3-80E4-49B8-8281-A2A605E9D554]]></modeler:editor-resource-id>
      </extensionElements>
    </bpmn2:sequenceFlow>
    <bpmn2:exclusiveGateway id="sid-F0D70C3E-F53D-4C68-B765-D5E75EB44133" name="in state?" default="sid-FA19D64B-15EF-4B62-9155-6F9A7F99C6EB">
      <extensionElements>
        <modeler:editor-resource-id><![CDATA[sid-F0D70C3E-F53D-4C68-B765-D5E75EB44133]]></modeler:editor-resource-id>
      </extensionElements>
      <bpmn2:incoming>sid-11328FAF-5A43-4D7D-B7F8-A13112BC4EB0</bpmn2:incoming>
      <bpmn2:outgoing>sid-FA19D64B-15EF-4B62-9155-6F9A7F99C6EB</bpmn2:outgoing>
      <bpmn2:outgoing>sid-329A9A2F-8367-4E83-806F-E781E3EA4DE8</bpmn2:outgoing>
    </bpmn2:exclusiveGateway>
    <bpmn2:sequenceFlow id="sid-11328FAF-5A43-4D7D-B7F8-A13112BC4EB0" sourceRef="sid-CFD16C49-0E26-4A7C-BAD9-DC9DA8DBC8B3" targetRef="sid-F0D70C3E-F53D-4C68-B765-D5E75EB44133">
      <extensionElements>
        <modeler:editor-resource-id><![CDATA[sid-11328FAF-5A43-4D7D-B7F8-A13112BC4EB0]]></modeler:editor-resource-id>
      </extensionElements>
    </bpmn2:sequenceFlow>
    <bpmn2:userTask id="sid-403B1F95-43E6-46CD-90B4-97B98C413729" name="Mgr FollowUp" activiti:assignee="${taskAssignmentBean.assignTaskToGroupManager('51', execution)}" activiti:formKey="702">
      <extensionElements>
        <modeler:allow-send-email><![CDATA[true]]></modeler:allow-send-email>
        <modeler:form-reference-id><![CDATA[702]]></modeler:form-reference-id>
        <modeler:form-reference-name><![CDATA[Manager FollowUp]]></modeler:form-reference-name>
        <modeler:activiti-idm-group-manager><![CDATA[51]]></modeler:activiti-idm-group-manager>
        <modeler:group-info-name><![CDATA[Claims-Team]]></modeler:group-info-name>
        <modeler:group-info-externalid><![CDATA[cn=Claims-Team,ou=groups,dc=example,dc=com]]></modeler:group-info-externalid>
        <modeler:initiator-can-complete><![CDATA[true]]></modeler:initiator-can-complete>
        <modeler:deactivate-user-task-reassignment><![CDATA[false]]></modeler:deactivate-user-task-reassignment>
        <modeler:editor-resource-id><![CDATA[sid-403B1F95-43E6-46CD-90B4-97B98C413729]]></modeler:editor-resource-id>
      </extensionElements>
      <bpmn2:incoming>sid-4770DCF4-D0D8-4E52-BC01-50C9D92DC7FF</bpmn2:incoming>
      <bpmn2:outgoing>sid-BD52EA82-56F2-4AB8-862C-DA733F9C9BCB</bpmn2:outgoing>
    </bpmn2:userTask>
    <bpmn2:sequenceFlow id="sid-226F02D3-2E6C-4A6A-8D99-6C874A063AB3" sourceRef="sid-F55252ED-9B41-40F7-AC06-954EB74BB3DD" targetRef="sid-FC02534C-D406-468E-9ECF-75DF86A42C7E">
      <extensionElements>
        <modeler:editor-resource-id><![CDATA[sid-226F02D3-2E6C-4A6A-8D99-6C874A063AB3]]></modeler:editor-resource-id>
      </extensionElements>
    </bpmn2:sequenceFlow>
    <bpmn2:sequenceFlow id="sid-BD52EA82-56F2-4AB8-862C-DA733F9C9BCB" sourceRef="sid-403B1F95-43E6-46CD-90B4-97B98C413729" targetRef="sid-29D664B1-F67B-476D-994F-2F946751D9B2">
      <extensionElements>
        <modeler:editor-resource-id><![CDATA[sid-BD52EA82-56F2-4AB8-862C-DA733F9C9BCB]]></modeler:editor-resource-id>
      </extensionElements>
    </bpmn2:sequenceFlow>
    <bpmn2:endEvent id="sid-B53B9586-1C55-40FB-BB57-6C53E7F32F0F">
      <extensionElements>
        <modeler:editor-resource-id><![CDATA[sid-B53B9586-1C55-40FB-BB57-6C53E7F32F0F]]></modeler:editor-resource-id>
      </extensionElements>
      <bpmn2:incoming>sid-725F3FBA-B944-469D-850C-8794C421171D</bpmn2:incoming>
    </bpmn2:endEvent>
    <bpmn2:sequenceFlow id="sid-725F3FBA-B944-469D-850C-8794C421171D" sourceRef="sid-5CF4AF3A-09D4-4FFB-9387-FFA1D26E3F87" targetRef="sid-B53B9586-1C55-40FB-BB57-6C53E7F32F0F">
      <extensionElements>
        <modeler:editor-resource-id><![CDATA[sid-725F3FBA-B944-469D-850C-8794C421171D]]></modeler:editor-resource-id>
      </extensionElements>
    </bpmn2:sequenceFlow>
    <bpmn2:sequenceFlow id="sid-FA19D64B-15EF-4B62-9155-6F9A7F99C6EB" name="yes" sourceRef="sid-F0D70C3E-F53D-4C68-B765-D5E75EB44133" targetRef="sid-29D664B1-F67B-476D-994F-2F946751D9B2">
      <extensionElements>
        <modeler:editor-resource-id><![CDATA[sid-FA19D64B-15EF-4B62-9155-6F9A7F99C6EB]]></modeler:editor-resource-id>
      </extensionElements>
    </bpmn2:sequenceFlow>
    <bpmn2:subProcess id="sid-80B9F435-5CA3-47BA-BB64-8F7FADFFC4A0" name="send email process">
      <extensionElements>
        <activiti:executionListener event="start" delegateExpression="${activiti_subProcessVariablesMappingListener}"/>
        <activiti:executionListener event="end" delegateExpression="${activiti_subProcessVariablesMappingListener}"/>
        <modeler:subprocess-id><![CDATA[716]]></modeler:subprocess-id>
        <modeler:subprocess-name><![CDATA[Send Custom Email]]></modeler:subprocess-name>
        <modeler:subprocess-original-width><![CDATA[100.0]]></modeler:subprocess-original-width>
        <modeler:subprocess-original-height><![CDATA[80.0]]></modeler:subprocess-original-height>
        <modeler:subprocess-width-difference><![CDATA[613.0]]></modeler:subprocess-width-difference>
        <modeler:subprocess-height-difference><![CDATA[178.0]]></modeler:subprocess-height-difference>
        <modeler:editor-resource-id><![CDATA[sid-80B9F435-5CA3-47BA-BB64-8F7FADFFC4A0]]></modeler:editor-resource-id>
        <modeler:ignore-listener-on-import><![CDATA[${activiti_subProcessVariablesMappingListener}]]></modeler:ignore-listener-on-import>
      </extensionElements>
      <bpmn2:startEvent id="sub-sid-80B9F435-5CA3-47BA-BB64-8F7FADFFC4A0-node1">
        <extensionElements>
          <modeler:editor-resource-id><![CDATA[sub-sid-80B9F435-5CA3-47BA-BB64-8F7FADFFC4A0-node1]]></modeler:editor-resource-id>
          <modeler:subprocess-element-id><![CDATA[startEvent1]]></modeler:subprocess-element-id>
        </extensionElements>
        <bpmn2:outgoing>sub-sid-80B9F435-5CA3-47BA-BB64-8F7FADFFC4A0-node3</bpmn2:outgoing>
        <bpmn2:outgoing>sub-sid-80B9F435-5CA3-47BA-BB64-8F7FADFFC4A0-node3</bpmn2:outgoing>
      </bpmn2:startEvent>
      <bpmn2:scriptTask id="sub-sid-80B9F435-5CA3-47BA-BB64-8F7FADFFC4A0-node2" name="Set Default Vars" scriptFormat="groovy" activiti:autoStoreVariables="false">
        <extensionElements>
          <modeler:editor-resource-id><![CDATA[sub-sid-80B9F435-5CA3-47BA-BB64-8F7FADFFC4A0-node2]]></modeler:editor-resource-id>
          <modeler:subprocess-element-id><![CDATA[sid-6223C7CA-5566-43B0-AC56-26967932C31F]]></modeler:subprocess-element-id>
        </extensionElements>
        <bpmn2:incoming>sub-sid-80B9F435-5CA3-47BA-BB64-8F7FADFFC4A0-node3</bpmn2:incoming>
        <bpmn2:incoming>sub-sid-80B9F435-5CA3-47BA-BB64-8F7FADFFC4A0-node3</bpmn2:incoming>
        <bpmn2:outgoing>sub-sid-80B9F435-5CA3-47BA-BB64-8F7FADFFC4A0-node5</bpmn2:outgoing>
        <bpmn2:outgoing>sub-sid-80B9F435-5CA3-47BA-BB64-8F7FADFFC4A0-node5</bpmn2:outgoing>
        <script><![CDATA[execution.setVariable("fromEmailAddress", "claims-team@example.com");
execution.setVariable("ccEmailAddress", "blumbergh@example.com");]]></script>
      </bpmn2:scriptTask>
      <bpmn2:sequenceFlow id="sub-sid-80B9F435-5CA3-47BA-BB64-8F7FADFFC4A0-node3" sourceRef="sub-sid-80B9F435-5CA3-47BA-BB64-8F7FADFFC4A0-node1" targetRef="sub-sid-80B9F435-5CA3-47BA-BB64-8F7FADFFC4A0-node2">
        <extensionElements>
          <modeler:editor-resource-id><![CDATA[sub-sid-80B9F435-5CA3-47BA-BB64-8F7FADFFC4A0-node3]]></modeler:editor-resource-id>
          <modeler:subprocess-element-id><![CDATA[sid-E2A2A468-271B-4D42-9594-78C536E4763D]]></modeler:subprocess-element-id>
        </extensionElements>
      </bpmn2:sequenceFlow>
      <bpmn2:userTask id="sub-sid-80B9F435-5CA3-47BA-BB64-8F7FADFFC4A0-node4" name="Configure Email" activiti:assignee="$INITIATOR" activiti:formKey="730">
        <extensionElements>
          <modeler:allow-send-email><![CDATA[true]]></modeler:allow-send-email>
          <modeler:form-reference-id><![CDATA[730]]></modeler:form-reference-id>
          <modeler:form-reference-name><![CDATA[Email Config Form]]></modeler:form-reference-name>
          <modeler:activiti-idm-initiator><![CDATA[true]]></modeler:activiti-idm-initiator>
          <modeler:editor-resource-id><![CDATA[sub-sid-80B9F435-5CA3-47BA-BB64-8F7FADFFC4A0-node4]]></modeler:editor-resource-id>
          <modeler:subprocess-element-id><![CDATA[sid-C1A14A1D-202E-49E8-83A9-4F60AEF7324C]]></modeler:subprocess-element-id>
        </extensionElements>
        <bpmn2:incoming>sub-sid-80B9F435-5CA3-47BA-BB64-8F7FADFFC4A0-node5</bpmn2:incoming>
        <bpmn2:incoming>sub-sid-80B9F435-5CA3-47BA-BB64-8F7FADFFC4A0-node5</bpmn2:incoming>
        <bpmn2:outgoing>sub-sid-80B9F435-5CA3-47BA-BB64-8F7FADFFC4A0-node7</bpmn2:outgoing>
        <bpmn2:outgoing>sub-sid-80B9F435-5CA3-47BA-BB64-8F7FADFFC4A0-node7</bpmn2:outgoing>
      </bpmn2:userTask>
      <bpmn2:sequenceFlow id="sub-sid-80B9F435-5CA3-47BA-BB64-8F7FADFFC4A0-node5" sourceRef="sub-sid-80B9F435-5CA3-47BA-BB64-8F7FADFFC4A0-node2" targetRef="sub-sid-80B9F435-5CA3-47BA-BB64-8F7FADFFC4A0-node4">
        <extensionElements>
          <modeler:editor-resource-id><![CDATA[sub-sid-80B9F435-5CA3-47BA-BB64-8F7FADFFC4A0-node5]]></modeler:editor-resource-id>
          <modeler:subprocess-element-id><![CDATA[sid-59E9C741-F22C-4162-B5C8-DEED6DC80DF3]]></modeler:subprocess-element-id>
        </extensionElements>
      </bpmn2:sequenceFlow>
      <bpmn2:serviceTask id="sub-sid-80B9F435-5CA3-47BA-BB64-8F7FADFFC4A0-node6" name="Send email" activiti:async="true" activiti:exclusive="false" activiti:delegateExpression="${emailServiceWithAttachments}" activiti:extensionId="send_email_with_attachments">
        <extensionElements>
          <activiti:field name="emailTemplate">
            <activiti:string><![CDATA[${selectemailtemplate}]]></activiti:string>
          </activiti:field>
          <activiti:field name="toList">
            <activiti:string><![CDATA[${newCustomerEmail}]]></activiti:string>
          </activiti:field>
          <activiti:field name="subject">
            <activiti:string><![CDATA[${emailsubject}]]></activiti:string>
          </activiti:field>
          <activiti:field name="contentField">
            <activiti:string><![CDATA[content]]></activiti:string>
          </activiti:field>
          <activiti:field name="ccList">
            <activiti:string><![CDATA[${ccEmailAddress}]]></activiti:string>
          </activiti:field>
          <activiti:field name="from">
            <activiti:string><![CDATA[${fromEmailAddress}]]></activiti:string>
          </activiti:field>
          <activiti:executionListener event="start" class="com.activiti.runtime.activiti.ContentProcessorExecutionListener">
            <activiti:field name="externalContentHandler">
              <activiti:expression><![CDATA[${externalContentHandler}]]></activiti:expression>
            </activiti:field>
          </activiti:executionListener>
          <modeler:editor-resource-id><![CDATA[sub-sid-80B9F435-5CA3-47BA-BB64-8F7FADFFC4A0-node6]]></modeler:editor-resource-id>
          <modeler:subprocess-element-id><![CDATA[sid-8F7223B5-97E7-4FCF-B5A2-CF13BB0C8B56]]></modeler:subprocess-element-id>
          <modeler:ignore-listener-on-import><![CDATA[com.activiti.runtime.activiti.ContentProcessorExecutionListener]]></modeler:ignore-listener-on-import>
        </extensionElements>
        <bpmn2:incoming>sub-sid-80B9F435-5CA3-47BA-BB64-8F7FADFFC4A0-node7</bpmn2:incoming>
        <bpmn2:incoming>sub-sid-80B9F435-5CA3-47BA-BB64-8F7FADFFC4A0-node7</bpmn2:incoming>
        <bpmn2:outgoing>sub-sid-80B9F435-5CA3-47BA-BB64-8F7FADFFC4A0-node9</bpmn2:outgoing>
        <bpmn2:outgoing>sub-sid-80B9F435-5CA3-47BA-BB64-8F7FADFFC4A0-node9</bpmn2:outgoing>
      </bpmn2:serviceTask>
      <bpmn2:sequenceFlow id="sub-sid-80B9F435-5CA3-47BA-BB64-8F7FADFFC4A0-node7" sourceRef="sub-sid-80B9F435-5CA3-47BA-BB64-8F7FADFFC4A0-node4" targetRef="sub-sid-80B9F435-5CA3-47BA-BB64-8F7FADFFC4A0-node6">
        <extensionElements>
          <modeler:editor-resource-id><![CDATA[sub-sid-80B9F435-5CA3-47BA-BB64-8F7FADFFC4A0-node7]]></modeler:editor-resource-id>
          <modeler:subprocess-element-id><![CDATA[sid-D2D33C5F-769B-43C1-A1F1-3216113D674E]]></modeler:subprocess-element-id>
        </extensionElements>
      </bpmn2:sequenceFlow>
      <bpmn2:endEvent id="sub-sid-80B9F435-5CA3-47BA-BB64-8F7FADFFC4A0-node8">
        <extensionElements>
          <modeler:editor-resource-id><![CDATA[sub-sid-80B9F435-5CA3-47BA-BB64-8F7FADFFC4A0-node8]]></modeler:editor-resource-id>
          <modeler:subprocess-element-id><![CDATA[sid-929BB46B-A681-449D-9DB8-0C6CDD4E4D4A]]></modeler:subprocess-element-id>
        </extensionElements>
        <bpmn2:incoming>sub-sid-80B9F435-5CA3-47BA-BB64-8F7FADFFC4A0-node9</bpmn2:incoming>
        <bpmn2:incoming>sub-sid-80B9F435-5CA3-47BA-BB64-8F7FADFFC4A0-node9</bpmn2:incoming>
      </bpmn2:endEvent>
      <bpmn2:sequenceFlow id="sub-sid-80B9F435-5CA3-47BA-BB64-8F7FADFFC4A0-node9" sourceRef="sub-sid-80B9F435-5CA3-47BA-BB64-8F7FADFFC4A0-node6" targetRef="sub-sid-80B9F435-5CA3-47BA-BB64-8F7FADFFC4A0-node8">
        <extensionElements>
          <modeler:editor-resource-id><![CDATA[sub-sid-80B9F435-5CA3-47BA-BB64-8F7FADFFC4A0-node9]]></modeler:editor-resource-id>
          <modeler:subprocess-element-id><![CDATA[sid-3E46EE8D-F7D9-4E3F-8D2B-B8EBB41FF1AF]]></modeler:subprocess-element-id>
        </extensionElements>
      </bpmn2:sequenceFlow>
    </bpmn2:subProcess>
    <bpmn2:sequenceFlow id="sid-4770DCF4-D0D8-4E52-BC01-50C9D92DC7FF" sourceRef="sid-80B9F435-5CA3-47BA-BB64-8F7FADFFC4A0" targetRef="sid-403B1F95-43E6-46CD-90B4-97B98C413729">
      <extensionElements>
        <modeler:editor-resource-id><![CDATA[sid-4770DCF4-D0D8-4E52-BC01-50C9D92DC7FF]]></modeler:editor-resource-id>
      </extensionElements>
    </bpmn2:sequenceFlow>
    <bpmn2:sequenceFlow id="sid-329A9A2F-8367-4E83-806F-E781E3EA4DE8" name="no" sourceRef="sid-F0D70C3E-F53D-4C68-B765-D5E75EB44133" targetRef="sid-80B9F435-5CA3-47BA-BB64-8F7FADFFC4A0">
      <extensionElements>
        <modeler:conditionDefinition modeler:index="0" modeler:leftRestResponseId="stateVerify" modeler:leftRestResponseType="string" modeler:rightValue="false" modeler:operator="=="/>
        <modeler:editor-resource-id><![CDATA[sid-329A9A2F-8367-4E83-806F-E781E3EA4DE8]]></modeler:editor-resource-id>
      </extensionElements>
      <conditionExpression xsi:type="tFormalExpression"><![CDATA[${(activiti_flowConditionsBean.exists(execution, 'stateVerify') && stateVerify == false)}]]></conditionExpression>
    </bpmn2:sequenceFlow>
  </bpmn2:process>
  <bpmndi:BPMNDiagram id="BPMNDiagram_U6NewCustomerOnboarding">
    <bpmndi:BPMNPlane bpmnElement="U6NewCustomerOnboarding" id="BPMNPlane_U6NewCustomerOnboarding">
      <bpmndi:BPMNShape bpmnElement="startEvent1" id="BPMNShape_startEvent1">
        <omgdc:Bounds height="30.0" width="30.0" x="45.0" y="100.0837419355"/>
      </bpmndi:BPMNShape>
      <bpmndi:BPMNShape bpmnElement="sid-052FB095-1283-4A74-9D0B-3CE66818B010" id="BPMNShape_sid-052FB095-1283-4A74-9D0B-3CE66818B010">
        <omgdc:Bounds height="80.0" width="100.0" x="125.0" y="75.0837419355"/>
      </bpmndi:BPMNShape>
      <bpmndi:BPMNShape bpmnElement="sid-F55252ED-9B41-40F7-AC06-954EB74BB3DD" id="BPMNShape_sid-F55252ED-9B41-40F7-AC06-954EB74BB3DD">
        <omgdc:Bounds height="80.0" width="100.0" x="275.0" y="75.0837419355"/>
      </bpmndi:BPMNShape>
      <bpmndi:BPMNShape bpmnElement="sid-29D664B1-F67B-476D-994F-2F946751D9B2" id="BPMNShape_sid-29D664B1-F67B-476D-994F-2F946751D9B2">
        <omgdc:Bounds height="80.0" width="100.0" x="1048.0" y="418.08374193550003"/>
      </bpmndi:BPMNShape>
      <bpmndi:BPMNShape bpmnElement="sid-5CF4AF3A-09D4-4FFB-9387-FFA1D26E3F87" id="BPMNShape_sid-5CF4AF3A-09D4-4FFB-9387-FFA1D26E3F87">
        <omgdc:Bounds height="80.167483871" width="100.24219354800005" x="1198.0" y="418.0"/>
      </bpmndi:BPMNShape>
      <bpmndi:BPMNShape bpmnElement="sid-FC02534C-D406-468E-9ECF-75DF86A42C7E" id="BPMNShape_sid-FC02534C-D406-468E-9ECF-75DF86A42C7E">
        <omgdc:Bounds height="80.0" width="100.0" x="435.0" y="75.0837419355"/>
      </bpmndi:BPMNShape>
      <bpmndi:BPMNShape bpmnElement="sid-CFD16C49-0E26-4A7C-BAD9-DC9DA8DBC8B3" id="BPMNShape_sid-CFD16C49-0E26-4A7C-BAD9-DC9DA8DBC8B3">
        <omgdc:Bounds height="80.0" width="100.0" x="120.0" y="240.08374193550003"/>
      </bpmndi:BPMNShape>
      <bpmndi:BPMNShape bpmnElement="sid-F0D70C3E-F53D-4C68-B765-D5E75EB44133" id="BPMNShape_sid-F0D70C3E-F53D-4C68-B765-D5E75EB44133">
        <omgdc:Bounds height="40.0" width="40.0" x="300.0" y="260.08374193550003"/>
      </bpmndi:BPMNShape>
      <bpmndi:BPMNShape bpmnElement="sid-403B1F95-43E6-46CD-90B4-97B98C413729" id="BPMNShape_sid-403B1F95-43E6-46CD-90B4-97B98C413729">
        <omgdc:Bounds height="80.0" width="100.0" x="1048.0" y="553.0"/>
      </bpmndi:BPMNShape>
      <bpmndi:BPMNShape bpmnElement="sid-B53B9586-1C55-40FB-BB57-6C53E7F32F0F" id="BPMNShape_sid-B53B9586-1C55-40FB-BB57-6C53E7F32F0F">
        <omgdc:Bounds height="28.0" width="28.0" x="1343.2421935480002" y="444.08374193550003"/>
      </bpmndi:BPMNShape>
      <bpmndi:BPMNShape bpmnElement="sid-80B9F435-5CA3-47BA-BB64-8F7FADFFC4A0" id="BPMNShape_sid-80B9F435-5CA3-47BA-BB64-8F7FADFFC4A0">
        <omgdc:Bounds height="258.0" width="713.0" x="270.0" y="375.0"/>
      </bpmndi:BPMNShape>
      <bpmndi:BPMNShape bpmnElement="sub-sid-80B9F435-5CA3-47BA-BB64-8F7FADFFC4A0-node1" id="BPMNShape_sub-sid-80B9F435-5CA3-47BA-BB64-8F7FADFFC4A0-node1">
        <omgdc:Bounds height="30.0" width="30.0" x="370.0" y="538.0"/>
      </bpmndi:BPMNShape>
      <bpmndi:BPMNShape bpmnElement="sub-sid-80B9F435-5CA3-47BA-BB64-8F7FADFFC4A0-node2" id="BPMNShape_sub-sid-80B9F435-5CA3-47BA-BB64-8F7FADFFC4A0-node2">
        <omgdc:Bounds height="80.0" width="100.0" x="465.25" y="513.0"/>
      </bpmndi:BPMNShape>
      <bpmndi:BPMNShape bpmnElement="sub-sid-80B9F435-5CA3-47BA-BB64-8F7FADFFC4A0-node4" id="BPMNShape_sub-sid-80B9F435-5CA3-47BA-BB64-8F7FADFFC4A0-node4">
        <omgdc:Bounds height="80.0" width="100.0" x="610.25" y="513.0"/>
      </bpmndi:BPMNShape>
      <bpmndi:BPMNShape bpmnElement="sub-sid-80B9F435-5CA3-47BA-BB64-8F7FADFFC4A0-node6" id="BPMNShape_sub-sid-80B9F435-5CA3-47BA-BB64-8F7FADFFC4A0-node6">
        <omgdc:Bounds height="80.0" width="100.0" x="767.25" y="513.0"/>
      </bpmndi:BPMNShape>
      <bpmndi:BPMNShape bpmnElement="sub-sid-80B9F435-5CA3-47BA-BB64-8F7FADFFC4A0-node8" id="BPMNShape_sub-sid-80B9F435-5CA3-47BA-BB64-8F7FADFFC4A0-node8">
        <omgdc:Bounds height="28.0" width="28.0" x="915.0" y="539.0"/>
      </bpmndi:BPMNShape>
      <bpmndi:BPMNEdge bpmnElement="sid-58657378-C288-4766-9C6E-319D79603FF7" id="BPMNEdge_sid-58657378-C288-4766-9C6E-319D79603FF7">
        <omgdi:waypoint x="75.0" y="115.0837419355"/>
        <omgdi:waypoint x="125.0" y="115.0837419355"/>
      </bpmndi:BPMNEdge>
      <bpmndi:BPMNEdge bpmnElement="sid-4770DCF4-D0D8-4E52-BC01-50C9D92DC7FF" id="BPMNEdge_sid-4770DCF4-D0D8-4E52-BC01-50C9D92DC7FF">
        <omgdi:waypoint x="983.0" y="593.0"/>
        <omgdi:waypoint x="1048.0" y="593.0"/>
      </bpmndi:BPMNEdge>
      <bpmndi:BPMNEdge bpmnElement="sid-226F02D3-2E6C-4A6A-8D99-6C874A063AB3" id="BPMNEdge_sid-226F02D3-2E6C-4A6A-8D99-6C874A063AB3">
        <omgdi:waypoint x="375.0" y="115.0837419355"/>
        <omgdi:waypoint x="435.0" y="115.0837419355"/>
      </bpmndi:BPMNEdge>
      <bpmndi:BPMNEdge bpmnElement="sid-63344CE3-80E4-49B8-8281-A2A605E9D554" id="BPMNEdge_sid-63344CE3-80E4-49B8-8281-A2A605E9D554">
        <omgdi:waypoint x="485.0" y="155.0837419355"/>
        <omgdi:waypoint x="485.0" y="201.0"/>
        <omgdi:waypoint x="170.0" y="201.0"/>
        <omgdi:waypoint x="170.0" y="240.08374193550003"/>
      </bpmndi:BPMNEdge>
      <bpmndi:BPMNEdge bpmnElement="sid-7DEC16D2-33DF-4A5C-AD4F-36D66C9159E6" id="BPMNEdge_sid-7DEC16D2-33DF-4A5C-AD4F-36D66C9159E6">
        <omgdi:waypoint x="225.0" y="115.0837419355"/>
        <omgdi:waypoint x="275.0" y="115.0837419355"/>
      </bpmndi:BPMNEdge>
      <bpmndi:BPMNEdge bpmnElement="sid-F16EBD93-90B9-40D6-80AF-DB0CB48D87B5" id="BPMNEdge_sid-F16EBD93-90B9-40D6-80AF-DB0CB48D87B5">
        <omgdi:waypoint x="1148.0" y="458.08374193550003"/>
        <omgdi:waypoint x="1198.0" y="458.08374193550003"/>
      </bpmndi:BPMNEdge>
      <bpmndi:BPMNEdge bpmnElement="sid-329A9A2F-8367-4E83-806F-E781E3EA4DE8" id="BPMNEdge_sid-329A9A2F-8367-4E83-806F-E781E3EA4DE8">
        <omgdi:waypoint x="320.39991177282246" y="299.68383016267757"/>
        <omgdi:waypoint x="320.0052401971126" y="375.0"/>
      </bpmndi:BPMNEdge>
      <bpmndi:BPMNEdge bpmnElement="sid-BD52EA82-56F2-4AB8-862C-DA733F9C9BCB" id="BPMNEdge_sid-BD52EA82-56F2-4AB8-862C-DA733F9C9BCB">
        <omgdi:waypoint x="1098.0" y="553.0"/>
        <omgdi:waypoint x="1098.0" y="498.08374193550003"/>
      </bpmndi:BPMNEdge>
      <bpmndi:BPMNEdge bpmnElement="sid-FA19D64B-15EF-4B62-9155-6F9A7F99C6EB" id="BPMNEdge_sid-FA19D64B-15EF-4B62-9155-6F9A7F99C6EB">
        <omgdi:waypoint x="339.5579268292683" y="280.52581510623173"/>
        <omgdi:waypoint x="435.0" y="280.2357176193906"/>
      </bpmndi:BPMNEdge>
      <bpmndi:BPMNEdge bpmnElement="sid-11328FAF-5A43-4D7D-B7F8-A13112BC4EB0" id="BPMNEdge_sid-11328FAF-5A43-4D7D-B7F8-A13112BC4EB0">
        <omgdi:waypoint x="220.0" y="280.08374193550003"/>
        <omgdi:waypoint x="300.0" y="280.08374193550003"/>
      </bpmndi:BPMNEdge>
      <bpmndi:BPMNEdge bpmnElement="sid-725F3FBA-B944-469D-850C-8794C421171D" id="BPMNEdge_sid-725F3FBA-B944-469D-850C-8794C421171D">
        <omgdi:waypoint x="1298.2421935480002" y="458.1290701391193"/>
        <omgdi:waypoint x="1343.2421976797198" y="458.09449777725234"/>
      </bpmndi:BPMNEdge>
      <bpmndi:BPMNEdge bpmnElement="sub-sid-80B9F435-5CA3-47BA-BB64-8F7FADFFC4A0-node9" id="BPMNEdge_sub-sid-80B9F435-5CA3-47BA-BB64-8F7FADFFC4A0-node9">
        <omgdi:waypoint x="867.25" y="553.0"/>
        <omgdi:waypoint x="915.0" y="553.0"/>
      </bpmndi:BPMNEdge>
      <bpmndi:BPMNEdge bpmnElement="sub-sid-80B9F435-5CA3-47BA-BB64-8F7FADFFC4A0-node3" id="BPMNEdge_sub-sid-80B9F435-5CA3-47BA-BB64-8F7FADFFC4A0-node3">
        <omgdi:waypoint x="400.0" y="553.0"/>
        <omgdi:waypoint x="465.25" y="553.0"/>
      </bpmndi:BPMNEdge>
      <bpmndi:BPMNEdge bpmnElement="sub-sid-80B9F435-5CA3-47BA-BB64-8F7FADFFC4A0-node5" id="BPMNEdge_sub-sid-80B9F435-5CA3-47BA-BB64-8F7FADFFC4A0-node5">
        <omgdi:waypoint x="565.25" y="553.0"/>
        <omgdi:waypoint x="610.25" y="553.0"/>
      </bpmndi:BPMNEdge>
      <bpmndi:BPMNEdge bpmnElement="sub-sid-80B9F435-5CA3-47BA-BB64-8F7FADFFC4A0-node7" id="BPMNEdge_sub-sid-80B9F435-5CA3-47BA-BB64-8F7FADFFC4A0-node7">
        <omgdi:waypoint x="710.25" y="553.0"/>
        <omgdi:waypoint x="767.25" y="553.0"/>
      </bpmndi:BPMNEdge>
    </bpmndi:BPMNPlane>
  </bpmndi:BPMNDiagram>
</bpmn2:definitions>