{"resourceId":603,"properties":{"process_id":"U6NewCustomerOnboarding","name":"U6 New Customer Onboarding","documentation":"Add a new customer.","process_author":"","process_version":"","process_namespace":"http://www.activiti.org/processdef","executionlisteners":"","eventlisteners":"","signaldefinitions":"","messagedefinitions":"","executionvariables":"[{\"variableName\":\"newCustomerData.address\",\"variableType\":\"string\",\"persist\":false,\"$$hashKey\":\"uiGrid-0007\"},{\"variableName\":\"newCustomerData.city\",\"variableType\":\"string\",\"persist\":false,\"$$hashKey\":\"uiGrid-0009\"},{\"variableName\":\"newCustomerData.firstname\",\"variableType\":\"string\",\"persist\":false,\"$$hashKey\":\"uiGrid-000B\"},{\"variableName\":\"newCustomerData.lastname\",\"variableType\":\"string\",\"persist\":false,\"$$hashKey\":\"uiGrid-000D\"},{\"variableName\":\"newCustomerData.state\",\"variableType\":\"string\",\"persist\":false,\"$$hashKey\":\"uiGrid-000F\"},{\"variableName\":\"newCustomerData.zipCode\",\"variableType\":\"string\",\"persist\":false,\"$$hashKey\":\"uiGrid-000H\"},{\"variableName\":\"newCustomerId\",\"variableType\":\"string\",\"persist\":true,\"$$hashKey\":\"uiGrid-000J\"},{\"variableName\":\"stateVerify\",\"variableType\":\"string\",\"persist\":true,\"$$hashKey\":\"uiGrid-001F\"}]","metadata":"","nonpersistenceformfields":"","deleteallvariables":"false"},"stencil":{"id":"BPMNDiagram"},"childShapes":[{"resourceId":"startEvent1","properties":{"overrideid":"","name":"","documentation":"","executionlisteners":"","initiator":"","formkeydefinition":"","formreference":"","fieldstovariables":"","formproperties":""},"stencil":{"id":"StartNoneEvent"},"childShapes":[],"outgoing":[{"resourceId":"sid-58657378-C288-4766-9C6E-319D79603FF7"}],"bounds":{"lowerRight":{"x":75,"y":130.0837419355},"upperLeft":{"x":45,"y":100.0837419355}},"dockers":[]},{"resourceId":"sid-052FB095-1283-4A74-9D0B-3CE66818B010","properties":{"scriptformat":"groovy","scripttext":"execution.setVariable('newCustomerId', execution.getProcessInstanceId());","executionvariables":"","overrideid":"","name":"Set Customer ID","documentation":"","asynchronousdefinition":"false","exclusivedefinition":"false","executionlisteners":"","multiinstance_type":"None","multiinstance_cardinality":"","multiinstance_collection":"","multiinstance_variable":"","multiinstance_condition":"","isforcompensation":"false"},"stencil":{"id":"ScriptTask"},"childShapes":[],"outgoing":[{"resourceId":"sid-7DEC16D2-33DF-4A5C-AD4F-36D66C9159E6"}],"bounds":{"lowerRight":{"x":225,"y":155.0837419355},"upperLeft":{"x":125,"y":75.0837419355}},"dockers":[]},{"resourceId":"sid-58657378-C288-4766-9C6E-319D79603FF7","properties":{"overrideid":"","name":"","documentation":"","conditionsequenceflow":"","executionlisteners":"","defaultflow":"false"},"stencil":{"id":"SequenceFlow"},"childShapes":[],"outgoing":[{"resourceId":"sid-052FB095-1283-4A74-9D0B-3CE66818B010"}],"bounds":{"lowerRight":{"x":124.5859375,"y":115.0837419355},"upperLeft":{"x":75.375,"y":115.0837419355}},"dockers":[{"x":15,"y":15},{"x":50,"y":40}],"target":{"resourceId":"sid-052FB095-1283-4A74-9D0B-3CE66818B010"}},{"resourceId":"sid-F55252ED-9B41-40F7-AC06-954EB74BB3DD","properties":{"overrideid":"","name":"Gather Customer Data","documentation":"","asynchronousdefinition":"false","exclusivedefinition":"false","executionlisteners":"","multiinstance_type":"None","multiinstance_cardinality":"","multiinstance_collection":"","multiinstance_variable":"","multiinstance_condition":"","isforcompensation":"false","usertasksendemail":true,"usertaskassignment":"","formkeydefinition":"","formreference":{"id":620,"name":"Add New Customer Data","referenceId":603},"fieldstovariables":"","duedatedefinition":"","prioritydefinition":"","categorydefinition":"","formproperties":"","tasklisteners":"","emailtemplate":""},"stencil":{"id":"UserTask"},"childShapes":[],"outgoing":[{"resourceId":"sid-226F02D3-2E6C-4A6A-8D99-6C874A063AB3"}],"bounds":{"lowerRight":{"x":375,"y":155.0837419355},"upperLeft":{"x":275,"y":75.0837419355}},"dockers":[]},{"resourceId":"sid-7DEC16D2-33DF-4A5C-AD4F-36D66C9159E6","properties":{"overrideid":"","name":"","documentation":"","conditionsequenceflow":"","executionlisteners":"","defaultflow":"false"},"stencil":{"id":"SequenceFlow"},"childShapes":[],"outgoing":[{"resourceId":"sid-F55252ED-9B41-40F7-AC06-954EB74BB3DD"}],"bounds":{"lowerRight":{"x":274.78125,"y":115.0837419355},"upperLeft":{"x":225.21875,"y":115.0837419355}},"dockers":[{"x":50,"y":40},{"x":50,"y":40}],"target":{"resourceId":"sid-F55252ED-9B41-40F7-AC06-954EB74BB3DD"}},{"resourceId":"sid-29D664B1-F67B-476D-994F-2F946751D9B2","properties":{"overrideid":"","name":"Create NC Doc","documentation":"","generatedocumenttemplate":{"id":159,"name":"9si_newCustomer.docx"},"generatedocumenttaskoutputformat":"","executionvariable_document":{"variableName":"ncDoc","variableType":"document"},"generatedocumentfilename":"Customer_${newCustomerId}","additionaldatasources_document":"","additionaldatasourcenames_document":""},"stencil":{"id":"GenerateDocumentTask"},"childShapes":[],"outgoing":[{"resourceId":"sid-F16EBD93-90B9-40D6-80AF-DB0CB48D87B5"}],"bounds":{"lowerRight":{"x":535,"y":320.08374193550003},"upperLeft":{"x":435,"y":240.08374193550003}},"dockers":[]},{"resourceId":"sid-5CF4AF3A-09D4-4FFB-9387-FFA1D26E3F87","properties":{"overrideid":"","name":"Save NC Doc","documentation":"","alfresco_cloud_content":{"source":"process","documentAspects":[{"aspectName":"cm:titled"}],"documentType":"cmis:document"},"alfresco_cloud_destination":{"account":"alfresco-1-alfresco1","site":"9-Second-Insurance","path":"78be2281-5f06-4f77-8e1a-eb3c6ad8b519","path_title":"documentLibrary","site_title":"9 Second Insurance","publish_as_type":"process_initiator","folder":"newCustomerLastName"}},"stencil":{"id":"PublishToAlfrescoCloudTask"},"childShapes":[],"outgoing":[{"resourceId":"sid-725F3FBA-B944-469D-850C-8794C421171D"}],"bounds":{"lowerRight":{"x":685.242193548,"y":320.167483871},"upperLeft":{"x":585,"y":240}},"dockers":[]},{"resourceId":"sid-F16EBD93-90B9-40D6-80AF-DB0CB48D87B5","properties":{"overrideid":"","name":"","documentation":"","conditionsequenceflow":"","executionlisteners":"","defaultflow":"false"},"stencil":{"id":"SequenceFlow"},"childShapes":[],"outgoing":[{"resourceId":"sid-5CF4AF3A-09D4-4FFB-9387-FFA1D26E3F87"}],"bounds":{"lowerRight":{"x":584.8626118950313,"y":280.08374193550003},"upperLeft":{"x":535.2584848789688,"y":280.08374193550003}},"dockers":[{"x":50,"y":40},{"x":50.12109677400002,"y":40.0837419355}],"target":{"resourceId":"sid-5CF4AF3A-09D4-4FFB-9387-FFA1D26E3F87"}},{"resourceId":"sid-FC02534C-D406-468E-9ECF-75DF86A42C7E","properties":{"overrideid":"","name":"Save CD to DB","documentation":"","alfrescoactiontask_publish_as_type":"","entityattributemapping":{"mappedDataModel":647,"mappedEntity":"newCustomers","attributeMappings":[{"attributeName":"id","attributeType":"number","attributePrimaryKey":true,"attributeIdentity":false,"attributeRequired":false,"valueType":"variable","variable":{"id":"newCustomerId","name":"newCustomerId","type":"string"},"$$hashKey":"uiGrid-003B"},{"attributeName":"firstname","attributeType":"string","attributePrimaryKey":false,"attributeIdentity":false,"attributeRequired":false,"valueType":"field","formField":{"id":"newCustomerFirstName","name":"First Name:","type":"text"},"fieldValuePath":"","$$hashKey":"uiGrid-003D"},{"attributeName":"lastname","attributeType":"string","attributePrimaryKey":false,"attributeIdentity":false,"attributeRequired":false,"valueType":"field","formField":{"id":"newCustomerLastName","name":"Last Name:","type":"text"},"fieldValuePath":"","$$hashKey":"uiGrid-003F"},{"attributeName":"address","attributeType":"string","attributePrimaryKey":false,"attributeIdentity":false,"attributeRequired":false,"valueType":"field","formField":{"id":"newCustomerAddress","name":"Address:","type":"text"},"fieldValuePath":"","$$hashKey":"uiGrid-003H"},{"attributeName":"city","attributeType":"string","attributePrimaryKey":false,"attributeIdentity":false,"attributeRequired":false,"valueType":"field","formField":{"id":"newCustomerCity","name":"City:","type":"text"},"fieldValuePath":"","$$hashKey":"uiGrid-003J"},{"attributeName":"state","attributeType":"string","attributePrimaryKey":false,"attributeIdentity":false,"attributeRequired":false,"valueType":"field","formField":{"id":"newCustomerState","name":"State: - id","type":"dropdown"},"fieldValuePath":"","$$hashKey":"uiGrid-003L"},{"attributeName":"zipCode","attributeType":"string","attributePrimaryKey":false,"attributeIdentity":false,"attributeRequired":false,"valueType":"field","formField":{"id":"newCustomerZipCode","name":"Zip Code:","type":"text"},"fieldValuePath":"","$$hashKey":"uiGrid-003N"}],"variableType":"new","newVariableName":"newCustomerData"}},"stencil":{"id":"StoreEntityTask"},"childShapes":[],"outgoing":[{"resourceId":"sid-63344CE3-80E4-49B8-8281-A2A605E9D554"}],"bounds":{"lowerRight":{"x":535,"y":155.0837419355},"upperLeft":{"x":435,"y":75.0837419355}},"dockers":[]},{"resourceId":"sid-CFD16C49-0E26-4A7C-BAD9-DC9DA8DBC8B3","properties":{"overrideid":"","name":"KYC Delegate","documentation":"","asynchronousdefinition":"false","exclusivedefinition":"false","executionlisteners":"","multiinstance_type":"None","multiinstance_cardinality":"","multiinstance_collection":"","multiinstance_variable":"","multiinstance_condition":"","isforcompensation":"false","servicetaskclass":"com.activiti.extension.bean.KYCJavaDelegate","servicetaskexpression":"","servicetaskdelegateexpression":"","servicetaskfields":"","servicetaskresultvariable":"","executionvariables":""},"stencil":{"id":"ServiceTask"},"childShapes":[],"outgoing":[{"resourceId":"sid-11328FAF-5A43-4D7D-B7F8-A13112BC4EB0"}],"bounds":{"lowerRight":{"x":220,"y":320.08374193550003},"upperLeft":{"x":120,"y":240.08374193550003}},"dockers":[]},{"resourceId":"sid-63344CE3-80E4-49B8-8281-A2A605E9D554","properties":{"overrideid":"","name":"","documentation":"","conditionsequenceflow":"","executionlisteners":"","defaultflow":"false","showdiamondmarker":false},"stencil":{"id":"SequenceFlow"},"childShapes":[],"outgoing":[{"resourceId":"sid-CFD16C49-0E26-4A7C-BAD9-DC9DA8DBC8B3"}],"bounds":{"lowerRight":{"x":485,"y":240.08374193550003},"upperLeft":{"x":170,"y":155.68576713710547}},"dockers":[{"x":50,"y":40},{"x":485,"y":201},{"x":170,"y":201},{"x":50,"y":1}],"target":{"resourceId":"sid-CFD16C49-0E26-4A7C-BAD9-DC9DA8DBC8B3"}},{"resourceId":"sid-F0D70C3E-F53D-4C68-B765-D5E75EB44133","properties":{"overrideid":"","name":"in state?","documentation":"","asynchronousdefinition":"false","exclusivedefinition":"false","sequencefloworder":""},"stencil":{"id":"ExclusiveGateway"},"childShapes":[],"outgoing":[{"resourceId":"sid-329A9A2F-8367-4E83-806F-E781E3EA4DE8"},{"resourceId":"sid-FA19D64B-15EF-4B62-9155-6F9A7F99C6EB"}],"bounds":{"lowerRight":{"x":340,"y":300.08374193550003},"upperLeft":{"x":300,"y":260.08374193550003}},"dockers":[]},{"resourceId":"sid-11328FAF-5A43-4D7D-B7F8-A13112BC4EB0","properties":{"overrideid":"","name":"","documentation":"","conditionsequenceflow":"","executionlisteners":"","defaultflow":"false"},"stencil":{"id":"SequenceFlow"},"childShapes":[],"outgoing":[{"resourceId":"sid-F0D70C3E-F53D-4C68-B765-D5E75EB44133"}],"bounds":{"lowerRight":{"x":300.25,"y":280.08374193550003},"upperLeft":{"x":220.21875,"y":280.08374193550003}},"dockers":[{"x":50,"y":40},{"x":20,"y":20}],"target":{"resourceId":"sid-F0D70C3E-F53D-4C68-B765-D5E75EB44133"}},{"resourceId":"sid-403B1F95-43E6-46CD-90B4-97B98C413729","properties":{"overrideid":"","name":"Mgr FollowUp","documentation":"","asynchronousdefinition":"false","exclusivedefinition":"false","executionlisteners":"","multiinstance_type":"None","multiinstance_cardinality":"","multiinstance_collection":"","multiinstance_variable":"","multiinstance_condition":"","isforcompensation":"false","usertasksendemail":true,"usertaskassignment":{"assignment":{"type":"idm","idm":{"type":"groupManager","groupManager":{"id":51,"name":"Claims-Team","externalId":"cn=Claims-Team,ou=groups,dc=example,dc=com"}},"initiatorCanCompleteTask":true}},"formkeydefinition":"","formreference":{"id":702,"name":"Manager FollowUp","referenceId":603},"fieldstovariables":"","duedatedefinition":"","prioritydefinition":"","categorydefinition":"","formproperties":"","tasklisteners":"","emailtemplate":""},"stencil":{"id":"UserTask"},"childShapes":[],"outgoing":[{"resourceId":"sid-BD52EA82-56F2-4AB8-862C-DA733F9C9BCB"}],"bounds":{"lowerRight":{"x":535,"y":455},"upperLeft":{"x":435,"y":375}},"dockers":[]},{"resourceId":"sid-226F02D3-2E6C-4A6A-8D99-6C874A063AB3","properties":{"overrideid":"","name":"","documentation":"","conditionsequenceflow":"","executionlisteners":"","defaultflow":"false"},"stencil":{"id":"SequenceFlow"},"childShapes":[],"outgoing":[{"resourceId":"sid-FC02534C-D406-468E-9ECF-75DF86A42C7E"}],"bounds":{"lowerRight":{"x":434.625,"y":115.0837419355},"upperLeft":{"x":376,"y":115.0837419355}},"dockers":[{"x":50,"y":40},{"x":50,"y":40}],"target":{"resourceId":"sid-FC02534C-D406-468E-9ECF-75DF86A42C7E"}},{"resourceId":"sid-BD52EA82-56F2-4AB8-862C-DA733F9C9BCB","properties":{"overrideid":"","name":"","documentation":"","conditionsequenceflow":"","executionlisteners":"","defaultflow":"false","showdiamondmarker":false},"stencil":{"id":"SequenceFlow"},"childShapes":[],"outgoing":[{"resourceId":"sid-29D664B1-F67B-476D-994F-2F946751D9B2"}],"bounds":{"lowerRight":{"x":485,"y":375},"upperLeft":{"x":485,"y":320.9730584677578}},"dockers":[{"x":50,"y":1},{"x":50,"y":79}],"target":{"resourceId":"sid-29D664B1-F67B-476D-994F-2F946751D9B2"}},{"resourceId":"sid-B53B9586-1C55-40FB-BB57-6C53E7F32F0F","properties":{"overrideid":"","name":"","documentation":"","executionlisteners":""},"stencil":{"id":"EndNoneEvent"},"childShapes":[],"outgoing":[],"bounds":{"lowerRight":{"x":758.2421935480002,"y":294.08374193550003},"upperLeft":{"x":730.2421935480002,"y":266.08374193550003}},"dockers":[]},{"resourceId":"sid-725F3FBA-B944-469D-850C-8794C421171D","properties":{"overrideid":"","name":"","documentation":"","conditionsequenceflow":"","executionlisteners":"","defaultflow":"false"},"stencil":{"id":"SequenceFlow"},"childShapes":[],"outgoing":[{"resourceId":"sid-B53B9586-1C55-40FB-BB57-6C53E7F32F0F"}],"bounds":{"lowerRight":{"x":729.617193843123,"y":280.1287700320657},"upperLeft":{"x":685.6328182528773,"y":280.0949779518484}},"dockers":[{"x":50.242193548000024,"y":40.167483871},{"x":14,"y":14}],"target":{"resourceId":"sid-B53B9586-1C55-40FB-BB57-6C53E7F32F0F"}},{"resourceId":"sid-FA19D64B-15EF-4B62-9155-6F9A7F99C6EB","properties":{"overrideid":"","name":"yes","documentation":"","conditionsequenceflow":"","executionlisteners":"","defaultflow":true},"stencil":{"id":"SequenceFlow"},"childShapes":[],"outgoing":[{"resourceId":"sid-29D664B1-F67B-476D-994F-2F946751D9B2"}],"bounds":{"lowerRight":{"x":434.5214889942897,"y":280.52210868586263},"upperLeft":{"x":340.7773391307103,"y":280.2371720601374}},"dockers":[{"x":20.5,"y":20.5},{"x":50,"y":40}],"target":{"resourceId":"sid-29D664B1-F67B-476D-994F-2F946751D9B2"}},{"resourceId":"sid-80B9F435-5CA3-47BA-BB64-8F7FADFFC4A0","properties":{"overrideid":"","name":"send email process","documentation":"","asynchronousdefinition":"false","exclusivedefinition":"false","executionlisteners":"","subprocessreference":{"id":716,"name":"Send Custom Email","referenceId":null,"variablesmapping":[]},"multiinstance_type":"None","multiinstance_cardinality":"","multiinstance_collection":"","multiinstance_variable":"","multiinstance_condition":""},"stencil":{"id":"SubProcessCollapsed"},"childShapes":[],"outgoing":[{"resourceId":"sid-4770DCF4-D0D8-4E52-BC01-50C9D92DC7FF"}],"bounds":{"lowerRight":{"x":370,"y":455},"upperLeft":{"x":270,"y":375}},"dockers":[]},{"resourceId":"sid-4770DCF4-D0D8-4E52-BC01-50C9D92DC7FF","properties":{"overrideid":"","name":"","documentation":"","conditionsequenceflow":"","executionlisteners":"","defaultflow":"false"},"stencil":{"id":"SequenceFlow"},"childShapes":[],"outgoing":[{"resourceId":"sid-403B1F95-43E6-46CD-90B4-97B98C413729"}],"bounds":{"lowerRight":{"x":434.37109375,"y":415},"upperLeft":{"x":370.62890625,"y":415}},"dockers":[{"x":50,"y":40},{"x":50,"y":40}],"target":{"resourceId":"sid-403B1F95-43E6-46CD-90B4-97B98C413729"}},{"resourceId":"sid-329A9A2F-8367-4E83-806F-E781E3EA4DE8","properties":{"overrideid":"","name":"no","documentation":"","conditionsequenceflow":{"expression":{"type":"variables","leftRestResponseId":"stateVerify","operator":"==","rightValue":"false","leftRestResponseType":"string"}},"executionlisteners":"","defaultflow":false,"showdiamondmarker":false},"stencil":{"id":"SequenceFlow"},"childShapes":[],"outgoing":[{"resourceId":"sid-80B9F435-5CA3-47BA-BB64-8F7FADFFC4A0"}],"bounds":{"lowerRight":{"x":320.393197374833,"y":374.2545742134212},"upperLeft":{"x":320.009146375167,"y":300.96515562530146}},"dockers":[{"x":20.5,"y":20.5},{"x":50,"y":1}],"target":{"resourceId":"sid-80B9F435-5CA3-47BA-BB64-8F7FADFFC4A0"}}],"bounds":{"lowerRight":{"x":1200,"y":1050},"upperLeft":{"x":0,"y":0}},"stencilset":{"url":"stencilsets/bpmn2.0/bpmn2.0.json","namespace":"http://b3mn.org/stencilset/bpmn2.0#"},"ssextensions":[]}